	Entry	Label	Sequence
0	WP_063460136	5.3.1.7	MAIPPYPDFRSAAFLRQHLRATMAFYDPVATDASGGQFHFFLDDGTVYNTHTRHLVSATRFVVTHAMLYRTTGEARYQVGMRHALEFLRTAFLDPATGGYAWLIDWQDGRATVQDTTRHCYGMAFVMLAYARAYEAGVPEARVWLAEAFDTAEQHFWQPAAGLYADEASPDWQLTSYRGQNANMHACEAMISAFRATGERRYIERAEQLAQGICQRQAALSDRTHAPAAEGWVWEHFHADWSVDWDYNRHDRSNIFRPWGYQVGHQTEWAKLLLQLDALLPADWHLPCAQRLFDTAVERGWDAEHGGLYYGMAPDGSICDDGKYHWVQAESMAAAAVLAVRTGDARYWQWYDRIWAYCWAHFVDHEHGAWFRILHRDNRNTTREKSNAGKVDYHNMGACYDVLLWALDAPGFSKESRSAALGRP
1	WP_063462980	4.2.1.43	VPTTFHEDGTLDLDSQKRCLDFMIDAGVDGVCILANFSEQFSLSDAEREVLTRTSLEHVAGRVPVIVTTTHYGTRVCAERSRAAQDMGAAMVMVMPPYHGATFRVPEAQIYEFYARVSDAIRIPIMVQDAPASGTVLSAPFLARMAQEIENLAYFKIEVPGAASKLRELIRLGGDAIEGPWDGEEAITLLADLDAGATGAMTGGAFPDGIRPIIEAHRQGDMDQAFALYQRWLPLINHENRQGGILTAKALMKEGGVIACEAGRHPFPAMHPEVRRGLVDIARRLDPLVLRWAR
2	WP_063462990	1.1.1.48	LIDCNIDMTQLFAPSSSSTDATGAPQGLAKFPSLQGRAVFVTGGGSGIGAAIVAAFAEQGARVAFVDVAREASEALAQHIADAGLPRPWWRVCDVRDVQALQACMADAAAELGSDFAVLVNNVASDDRHTLESVTPEYYDERMAINERPAFFAIQAVVPGMRRLGAGSVINLGSTGWQGKGTGYPCYAIAKSSVNGLTRGLAKTLGQDRIRINTVSPGWVMTERQIKLWLDAEGEKELARNQCLPDKLRPHDIARMVLFLASDDAAMCTAQEFKVDAGWV
3	WP_041412631	4.2.1.25	MCLGRRRCHMNNKKPKTLRSASWFGSDDKNGFMYRSWMKNQGIPEHHFQNKPVIGICNTWSELTPCNGHLRELAQRVKNGIREAGGIPVEFPVFSNGESNLRPSAMLTRNLAAMDTEEAIRGNPIDGVVLLVGCDKTTPALLMGAASCDLPTIVVTGGPMLNGKHKGKDVGSGTLVWELHQEYKAGNISLAAFMNAEADMSRSTGTCNTMGTASTMACMVETLGVSLPHNATIPAVDSRRQVLAHMSGMRIVDMVKEDLTLSKILSRDAFINAIKVNAAIGGSTNAVIHLKAIAGRIGVELSLDDWRHGYTVPTIVNLKPSGQYLMEDFYYAGGLPAVLRQLFEHDLLSKNTLTVNAASLWDNVKEAPCYNQEVIMSLENPLVENGGIRVLRGNLAPRGAVIKPSAASAHLMQHRGKAVVFESFDDYNARIGDPELDIDENSIMVLKNCGPKGYPGMAEVGNMGLPPKLLKKGIKDMVRISDARMSGTAFGTVVLHVAPEAQALGPLAAVQNGDMIALDTYAGTLQLEISDQELQARLAKLATVKSIPVNGGYLSLFKEHVLQADEGCDFDFLVGCRGAEIPAHSH
4	WP_011717048	5.1.3.3	MQLSVTQKSLQHAAFADELQLVTLTNSHGLEVVLSNYGASIWSVKLYGQAQEPISLSLGYQDIKDWVTNPYYFGITAGRVANRIGKAQFPLAGKTIQLVANEGNNQLHGGPKGLSHCTWQVEMLQDNDSVAAVFSITSPDGDQGFPGNLAITLEYRLNENNELTLNYQAVCDQTTPVCLTNHAYWNLASNKQQGILGHELSIQASHFLALDNEQIPTGELILVDDGAYDFKQPKLIATDIKQLTNGYDHYFVMDRNPDNKNSLQTIAVLKDPLSGRELEISTTEVGVQFYSGNFLDGSHIDDEGYSINQFHGLCLETHGYPNAVNIDHFPSVMLEANTQYQQITVHKFKNI
5	WP_011717064	3.1.1.15	MQTVTVGELLMTIPVGNRLGEGVLWDDLHQSIWWTDILSSVIYRFHLASRSLETFPMPHRVGSFGLTAKPTTLIVAFDIGIAIYDIEDQSLTWLAQPESHFAGNRFNDGRIDRQGRFWAGTMVEQRDTLQQTAALYCLDEKGHCHQHLTNLEISNGLCWSVDGRTLYHADSPKHQIYQYDFDIEQGLLSRKRLFASTSHHIFPDGSDVDAAGYLWNAQWGGGQVVRYRPDGEVDLILKLPVTHPTSIAFGGEKRDLLIVTSAKHSLDASQLDQEPQAGDVFIYPLQGIYGVNSPRFCGQL
6	WP_011717945	2.7.1.59	MGLVQTKDQQLFIGVDGGGSKCRATIYTADGTVLGTGVAGRANPLHGLAQTFASIEASTRQALLDAGMKETDSHLLVAGLGLAGVNVPRLYQDVISWQHPFAAMYVTTDLHTACIGAHRGADGAVIITGTGSCGYAHVGDDSLSIGGHGFALGDKGSGAWLGLKAAEHVLLALDGFATPTALTEMLLKHFGVSDALGIVEHLAGKSSSCYAELARSVLDCANAGDEVARGIVQEGADYISEMARKLFSLNPVRFSMIGGLAEPLQAWLGSDVVAKISETLAPPELGAMYFAQQQFNSVNINE
7	WP_014239822	1.3.8.7	MIPYTAPVDDLRFVLNEVVGLETVAALPNCDSAAPDLVDAVLEEAGKFASGVLAPLNRVGDKEGSVLENGVVRTPTGWKDAYSQFTESGWNSLPFEPEYGGQGLPWTVAFAVNEMWQAANLSFGLCPLLTQGAVDLLTEHASAEQKALYLPKMIAGEWNGTMNLTEPQAGSDLAAVRTRAVRADDGTYRITGQKIFITYGEHDLTDNIVHLVLARLPDAPPGIKGISLFIVPKFLPNADGTPGARNDLRCASLEHKLGIMASPTAVMAFGDDGGAVGFLVGQENRGIEYMFTMMNNARLGVGIQGVAIAERAYQQARDYAKGRVQSKDLADPKGSGVAIIRHPDVRRMLLDMRAKTEAARALALYAGTQLDVSRHHEDATVRAAATARVDILTPIVKAWSTDIGCDVASTGVQIHGGMGFIEETGAAQHYRDARITPIYEGTNGIHANDLTFRKTGRDGGESARTFIAEMRATVAELESIPGDDMEAIRTNLSAGLDALEQAVAWVVKTQADGDLRAAAAGAVNYLKLWGTVAGGWMLARSAAKALEGLRQPGANAPFLEAKLVTARFYAEQILAQGPGLLLPILTAHRTVMALSEDQF
8	WP_012431492	5.3.1.7	MTQSDPLHPANGAAAAPPVESFRSRDFLLSHVQDTLRFYAPNVFDPSGGFFHFFRDDGSVYDKTTRHLVSSCRYVFNYAMAYRQFGDPQHLEYARHGLRFLREAHWDAQHEGYDWEIEWRDGKKRTLDATRHCYGLAFVLLAYSHAAMAGIEEAKPMIGATFELMEHRFWDAAAGLYADEASPDWRVSSYRGQNANMHTTEALLAAHEATRHLVYLDRAERVASNITLRQAKLSQGLVWEHFHADWSVDWHYNEEDSSNIFRPWGFQPGHQTEWAKLLLILERFRPLPWLLPRAIELFDAAMAHAWDEDHGGLYYGFGPDGTVCDHDKYFWVQAETFATAALLGKRTGNERFWDWYDEIWRYSWAHFVDHEYGAWYRILTCDNRKYSDEKSPAGKTDYHTMGACYEVLAHALPDGAAAAPESAEQTK
9	WP_012431722	1.3.8.7	MGQYAAPLRDMQFVLHELLNVEAEIKQMPKHADLDADTINAVLEEAGKFCSEVLFPLNHSGDQEGCTYVGDGVVTTPKGFKEAYAQYVEAGWPALGCDPEYGGQGLPAFVNNALYEMLNSANQAWTMYPGLSHGAYECLHAHGTPELQQRYLPKLVAGVWTGTMCLTEPHCGTDLGILRTKAEPNSDGSYAISGTKIFISSGEHDLAENIVHLVLARLPGAPNGTKGISLFIVPKFVPNEAGEPGERNGVKCGSIEHKMGIHGNATCVINLDNAKGWLVGEPNKGLNAMFVMMNAARLGVGMQSLGLTEIGYQNSLTYAKERLQMRSLTGPKAPEKAADPIIVHPDVRRMLLTQKAYAEAARAFSYWSALHIDKELSHADESVRKEAADLVALLTPILKAFLSDNAFESTNHAMQIYGGHGFIAEWGMEQYVRDARINMIYEGTNAIQALDLLGRKILGDMGAKMKKFGKLVSDFVEAEGVKPEMQEFINPLADIGEKVQKLTMEIGMKAMQNPDEVGAAAVPYLRTVGHLVFSYFWARMARVALDKEASGDPFYKAKLATARFYFAKLLPETAMTIRQARAGSKSLMDVEEALF
10	WP_012434194	1.1.1.9	MTTQSTDHDQQNMTAIVCHAPKDYRVEQVSKPRAGAHELVIRIAACGICASDCKCHSGAKMFWGGPSPWVKAPVIPGHEFFGFVEEIGEGAADHFGVKMGDRVIAEQIVPCGKCRYCKSGQYWMCEVHNIFGFQREVADGGMAEYMRIPPTAIVHKIPDGISLEDAAIIEPLACAIHTVNRGEVQLDDVVVIAGAGPLGLMMTQIAHLKTPKKLVVIDLVEERLALAREYGADVTINPKQDDALAIIHSLTDGYGCDVYIETTGAPIGVNQGMDLIRKLGRFVEFSVFGADTTLDWSVIGDRKELDVRGAHLGPYCYPIAIDLLARGLVTSKGIVTHGFSLEEWDEAIKIANSLDSIKVLLKPRA
11	WP_012434361	1.1.1.48	MSSPANANVRLADSAFARYPSLVDRTVLITGGATGIGASFVEHFAAQGARVAFFDIDASAGEALADELGDSKHKPLFLSCDLTDIDALQKAIADVKAALGPIQVLVNNAANDKRHTIGEVTRESFDAGIAVNIRHQFFAAQAVMEDMKAANSGSIINLGSISWMLKNGGYPVYVMSKSAVQGLTRGLARDLGHFNIRVNTLVPGWVMTEKQKRLWLDDAGRRSIKEGQCIDAELEPADLARMALFLAADDSRMITAQDIVVDGGWA
12	WP_012434437	1.2.1.3	MTHPLFTKHEDTLQKALTAVETRGYWSPFVEMPSPKVYGETANADGEAAFKAHLNATFQLDQPSTGETVGAEVSPFGFPLGVRYPKAEPAALIAAAAAAQRDWRAAGPQAWIGVCLEILARVNRASFEIGYSVMHTTGQAFMMAFQAGGPHAQDRALEAVVYAWDQLRRIPGDTHWEKPQGKNPPLAMHKRYTVVPRGTGLVLGCCTFPTWNGYPGLFADLATGNTVIVKPHPGAILPLALTVRIARDVLREAGFDPNVVTLLATEPNDGALVQDLALRPEIKLIDFTGSTQNGTWLERNAHQAQVYTEKAGVNQIVIDSVDDIKAAARNVAFSLALYSGQMCTAPQNIYVPRGGIRTAEGTLSFDEVAQAIAGAVQKLVADPARAVELLGAIQNEGVTQRIDEAAKLGRVLVESLTLEHPAFAGARVRTPLVLQLDAATDHAQFTKEWFGPISFVIATDSTAQSLDLAGAIASEHGALTLSVYSTDEAVLDDAHEASIRGGVALSINLTGGVFVNQSAAFSDFHGTGANPAANAALADAAFVANRFRVVQSRVHVEPKAAPAVAG
13	WP_012434865	4.2.1.25	MADSNQTKKPLRSQAWFGLKDRDGFLHRSWMKNQGIPHDEFDGRPVIGICNTWSELTPCNAHFRELAEYVKKGVHEAGGLPLEFPVMSLGETNLRPTAMLFRNLASMDVEESIRGNPMDGVILLVGCDKTTPALLMGAASCNLPALAVSGGPMLNGRFRGKNIGSGTGVWQMSEEVRAGTMTQEEFTEAESCMNRSRGHCMTMGTASTMASMVESLGMGLPHNAAIPAVDARRQVLAHLAGRRIVDMVREDLTMDKILTRQAFENAIRTNAAIGGSTNAVVHLIALAKRIGVELSLEDWELGSNVPCLVNLQPSGEYLMEDFYYAGGLPAVLKQLGEQGLLHKEALTVNGKTLWDNVRNAANYDEKVITTFAEPFKPKAGIAVLKGNLAPNGAVIKPSAATASLLKHRGRAVVFENIEELHAKIDDESLDIDEHCIMVLKGAGPKGYPGFAEVGNMPLPKKVLQKGITDMVRISDGRMSGTAYGAVVLHVSPEAAAGGPLAFVQTGDMIELDVEERRLHLDVTDEELARRRAAWQAPEAPKRGYYKLYVEHVLQADQGADLDFLVGSSGAPVPRDSH
14	WP_012426462	4.2.1.43	MTQSSHPAAMRGVFPVAPTIFDDAGRLDLEGQKRCIDFMIDAGSNGLCILANFSEQFALSDDERNTLMHVVLEHVAGRVPVIVTTTHFSSYQCAERSRSAQAAGAAMVMVMPPYHGATIRIGERGIYEFYRTVSDAIGIPIMIQDAPVSGTPLSAPFLARMAREIDNVSYFKIEVPQAANKLRELIELGGDAIVGPWDGEEAITLMADLDAGATGSMTGGGYADGIRLIVDAYAAGDTEAAAAHYQQWLPLINYENRQGGLASCKALMKEGGVIRSDAVRHPLPQMHPATREGLLKVARRLDPLVLRWGR
15	WP_012426549	2.6.1.19	MSYRTEEVAYVQPAQPAASAQASQAAQQQRSTAEYRALDAAHHIHPFSDMGSLNRSGSRVIVKAQGVYLWDSEGNKVIDGMAGLWCVNVGYGRKELADAAYKQMQELPYYNTFFKTTHPPVIELSALLAELAPEAFNHFFYCNSGSEGNDTVLRIVHQYWATQGKHSKKFVISRKNGYHGSTIAGGTLGGMGYMHEQMPSKVENIVHIDQPYFFGEAQGNLTPEEFALARAQQLEAKILEIGADNVAAFIGEPFQGAGGVIFPASTYWPEIQRICRKYDILLVADEVIGGFGRTGEWFAHQHFGFEPDLITLAKGLTSGYVPMGAVGLHDRVAKAIIENGDFNHGLTYSGHPVAAAVAVANLKLLRDEKIVDRVKNDTGPYFQKQLRETFANHPIIGEISGTGLVAGLQLAQDPKARKRFANGGDVGTICRDFCFNGNLIMRATGDRMLLSPPLVINKLEIDEIVSKAKKAIDATAQQLGIS
16	WP_012426550	6.3.1.11	MHDIDDFLKKNRVTEIEAIIPDMAGIARGKIIPRSKFESGESMRLPQAVMIQTVTGDYPEDGTLTGVTDPDMVCVPDASTIRMIPWAVDPTAQVIHDCVHFDGTPVAISPRRVLRRVLELYKAKGWKPVIAPELEFYLVDMNKDPDLPLQPPIGRTGRPETGRQAYSIEAVNEFDPLFEDIYEYCEVQELEVDTLIHEVGAAQMEINFMHGDPLKLADSVFLFKRTVREAALRHKMYATFMAKPMEGEPGSAMHMHQSLVDEETGHNLFTGPDGKPTSLFTSYIAGLQKYTPALMPIFAPYINSYRRLSRFMAAPINVAWGYDNRTVGFRIPHSGPAARRIENRIPGVDCNPYLAIAATLAAGYLGMTQKLEATEPLLSDGYELPYQLPRNLEEGLTLMGACEPIAEVLGEKFVKAYLALKETEYEAFFRVISSWERRHLLLHV
17	WP_012428705	1.1.1.122;1.1.1.173	MTATIGSKIGQRRRIGRGPLQVTGLGLGTAPLGGLYRDLSDEEAHATIAAAWDAGVRYFDTAPHYGNTKAEHRLGDALRRYPRADYVLSTKVGRRFVPRTTPFDDKEGWQNPLPFEAIYDYTHDGILRSFEDSQQRLGIVDIDILLVHDIGRVTHGDNHPHYWRQLTEGGGFRALDALRSSGAIKAVGLGVNEGAAILDAMAEFDIDCALLAGRYTLLEQTTLDDLLPACEKRGVSILLGGAFNSGILARGVQGDLKFNYGEAPPEVIERVARLEAVCRTHGVPLAAAALQFPYAHPTVATVLTGARSADELRENAASFELPIPAALWFALREEGLLDSRAPAPED
18	WP_012428706	4.2.1.68;4.2.1.90	MPVAAQQPTLEGYLRGDGRKGIRNVVAVAYLVECAHHVAREIVTQFREPLDAFDDPSAEREPPVHLIGFPGCYPNGYAEKMLERLTTHPNVGAVLFVSLGCESMNKHYLVDVVRASGRPVEVLTIQEKGGTRSTIQYGVDWIRGAREQLAAQQKVPMALSELVIGTICGGSDGTSGITANPAVGRAFDHLIDAGATCIFEETGELVGCEFHMKTRAARPALGDEIVACVAKAARYYSILGHGSFAVGNADGGLTTQEEKSLGAYAKSGASPIVGIIKPGDIPPTGGLYLLDVVPDGEPRFGFPNISDNAEIGELIACGAHVILFTTGRGSVVGSAISPVIKVCANPATYRNLSGDMDVDAGRILEGRGTLDEVGREVFEQTVAVSRGAASKSETLGHQEFILTYKTFEPVGPACLPSSAAAQHRVVAIEPH
19	WP_085966746	4.2.1.68;4.2.1.90	MTSRLLPLQTDPRLILLSPADNCLIAAARLDCGTQVEIEGERVTLTRTIDLGHKVARHELAKDDKVLRYGAVIGHVTEAVARGAHLHTHNLESDYLPTYTHDAGHEFVHH
20	WP_043352074	6.2.1.32	MASTAHLDTYALDRLPPPQQWPAFLFNADTRYPERMNCALELVERHVREGRGERVAIRYEQDGAHRTVSYAELAALSNRIAHVLTGDMKLVPGSRVLLRGPNNLMMAACWLAVVKAGLIAVPTMPLLRAKELKQVIDRAAVSAALCDERLREELEANLKPGGEHHCPSLTQALYFNSSGAGSVEAAMANKPDGFEACDTAADDICLIAFTSGTTGQPKGTVHFHRDVIAMCDLFPRHVLKPGPDDIFCGTPPLAFTFGLGGILCFPLRVGASTVLAERLTPESLLALIQSWRATIVFTAPTFYRQMAALAPGYDLSSLQKSVSAGEALPDATRQSWKAATGIEMTDGIGGTEMMHIFISSAGADVRPGAIGKVVPGYIAQIVDEQMQPVPHGTVGKLAVRGPTGCRYLDDPRQANYVKDGWNLPGDTFKADADGYYYYQARSDDMIVSAGYNIAGPEVESALMRHEAVAECGVVGMPDPERGQIVAAYVVLRPGVAASDETCAALQSYVKAEIAPYKYPRKVIFVDALPRTETGKLQRFRLRQMAEQSGAPEGARQP
21	WP_043349422	1.1.3.15	MNAPHEVSLVADDARRSALLAGLAKILPDAALLWKPEDTVPYECDGLAAYRQVPMAVALPDNEDQVCAILRLCHSLQVPVVPRGAGTSLSGGAMPIATGLVLSLAKFKRIVSVDVRSRTAVVQPGVRNLAISEAAAQYNLYYAPDPSSQIACTIGGNVSENSGGVHCLKYGLTVHNVLRVRAVTMEGDVVEFGSEAPDAPGLDLLAAVIGSEGMLAVVTEVSVKLIPKPQLAQVIMASFDDVAKGGNAVADVIGAGIIPAGLEMMDKPATAAVEEFVRAGYDLDAAAILLCESDGTPEEVAEEVERMSEVLRASGASRIQVSQSEPERLRFWSGRKNAFPAAGRISPDYYCMDGTIPRKHIGTLLKRIEEMERKYGLRCMNVFHAGDGNMHPLILFDGADQDEWHRAELFGSDILESCVELGGTVTGEHGVGVEKLNSMCVQFSAQERDLFFGVKAAFDPARLLNPDKAIPTLARCAEYGRMHVKRGLLPHPDLPRF
22	WP_043349427	1.1.3.15	MPATPADQQATLTAFRDAIRHATGTRTPLRLRGGGSKDFYGQHPQGTLLDTRAYSGIVDYDPPELVITARCGTPLAQIEAALAERRQMLAFEPPHFSTGADGSDVATIGGAVAAGLSGPRRQAVGALRDFVLGTRVMDGRGDVLSFGGQVMKNVAGYDVSRLMSGSLGTLGLILEVSLKVLPVPFDDATLRFALDEAAALDRLNDWGGQPLPIAASAWHDGVLHLRLSGAAAALRAARARLGGEAVDAAQADALWRALREHSHAFFAPVQAGRALWRIAVPTTAAPLALPGGQLIEWGGGQRWWLGGSDSAADSAIVRAAAKAAGGHATLFRNGDKAVGVFTPLSAPVAAIHQRLKATFDPAGIFNPQRMYAGL
23	WP_043349430	1.1.3.15	MQTTLAEFLRDTPDGEEAKSIVGKCVHCGFCTATCPTYQLLGDELDGPRGRIYLMKQVLEGQPVTQSTRLHLDRCLTCRNCESTCPSGVKYGRLVDIGRKVVDDRLEAQGIQRPARERFARWALRETMTRPALFGTAMRMGQRVRPLLPQALRNKVPQAVDAGAWPRTTHARKMLLLDGCVQPSMSPNINAATARVFDRLGVQLVMAREAGCCGAVRYHTGDHDGGLDNMRRNIDAWWPAVQAGAEAIVMTASGCGVMVKEYGHLLRNDAHYADRARQISALTKDLSELLPNFADALQDAAAEAGSSKGTNGTDGQRVAYHPPCTLQHGQQIRGKVEALLTGLGVDVKLCADSHLCCGSAGTYSVLQPALSYRLRDEKLANLQALKPEAIVSANIGCITHLQSGTGTPVMHWIELVDRMLG
24	WP_043354857	1.1.1.103	MTKPARVLIIGANGQLGTELASALADRYGKQNVVTSDMVPHGRHLHLTHEMLDVTDRAHLRDVIERHGITQIYHLAAALSATGEKSPTWAWQLNMNGLLNVLEAARHQKLDKVFWPSSIAAFGPTTPPDGTPQSTIMEPKTVYGISKLAGEGWCRWYFENHGVDVRSLRYPGLISYKTPPGGGTTDYAIDIFHSALRAQPYACFLEKDEALPMMYMPDAVRATMELMEAPRASISERGSYNLAGLSFTPGEIANEIRRHCPGFDVRYEPDFRQEIAAGWPDSIDDSVARRDWNWRPEFGLKEMVADMLKNLATLNQGSALECVS
25	WP_012179094	2.7.1.5	MTRHVAVIDIGKTNAKLALVDRQSLTEISVITRPNTVLPGPPWPHFDVDGHWAFLLDGLRDFQARHGIDAISITTHGACAALLQKDGALAAPILDYEHPGPDDTALAYDALRPPFSETGSPRLAGGLNIGAQLFWQFHTDPALRDRTRQIVTYPQFWGAKLTGVTATDVTSLGCHTDLWNPHAGAVSSLVDRLGLTGKLAPVRKPHDILGPVLPAVAAQTGLAPGTPVHCGIHDSNASLLPYVLTQTSPFSVISTGTWVVAMSVGGRPVVLDPDLDTLINVTALGQPAPSARFMGGREHDLATEGTGPPPSAQDLDHILSRQILLLPAVVPDTGPFKGQASRWEGDAPAPGTGARGAAVALYLALVTAECLSNIGHAGKIIVEGPFAGNRLYLEMLSVAMEADVVRASGTTGTSAGAALLAGGDAGAPPRPDSLVALPAASKTRLRHYAAHWRQRARRRTP
26	WP_012179101	4.1.2.19	MLKSLETQLLESRWDDEVAKGMSESELLLYRSNILGADKRVTNYGGGNTSAKVMEADPLTGAQVEVLWVKGSGGDIGSIKMDGFATLYMDKLRALKGLYRGVAFEDEMVSYLPHCTFRLNPRAASIDTPLHAYVPRKHVDHVHADAIIAIAASDNSKELTQEIFGNRIGWLPWKRPGFELGLWLEKFCRENPEADGVVLESHGLFTWADTAKECYDQTIDVINVATRWLAERSAGVPAFGGAIHESLPAAARREVAARLMPAIRGFVSDNQHMVGHFNDSDAVLEFVNARDMEALAALGTSCPDHFLRTKIRPLVVPFDPAQNNILAVLSELPDQVAAYREAYAAYYARCKHDDSPALRDPNAVVYLVPGVGMITFAKDKATARISGEFYVNAINVMRGASAVSTYQGLPEQEAFDIEYWLLEEAKLQRMPKPKSLAGRVALVTGGAGGIGAATAERFLAEGACVVLADINEDSLASTQERLSERFGADVVRSVVMNVTREEAVAAAFAEASVEFGGVDILVSNAGIASSAPIEETSLALWNKNMDILSTGYFLVSRAAFKLMRVQDMGGAVVFVASKNGLAASPNAAAYCTAKASEIHLARCLALEGAEAGIRVNVVNPDAVLRGSKIWEGDWLEQRAGTYGTDKDGLEEMYRQRSLLKRSVLPEDIAEACYFFAADASSKSTGNIINVDAGNVQAFTR
27	WP_066580460	3.2.1.20	MRSLAFALTLLAGTVASAQTAAPAELRARAAETEVLYFLLPDRFENGDPSNDRGGLRGDRLTTGFDPAHKGFFHGGDLKGLIRRLDYIQSLGASAIWLGPIYKNKPVQGGPGQETAGYHGYWITDFTRVDPHFGTNDEMKAFVDAAHARGIKVYLDIITNHTADVIQYRECPKSACDYRSRADYPYQRKGGVKGAAINPGFAGDGVQTPENFAKLSDPNYAYTTVVPEAERTVKVPAWLNDPIHYHNRGNTTFRNESSTMGDFVGLDDLMTESPRVLQGFIDIYGAWIDQFGIDGFRIDTARHVNPEFWQGFSKAMIERAKARGIPNFHIFGEVANEGDVGDLALHTRVHQLPSVLDFGFRAAVQHTVAGEKGPDMLAAMFDRDALYEGGAEAALRLPTFISNHDHGRFSTDVRKAFPKASDDEVLARVKLAHAMLLLLRGVPTIYSGDEQGFVSDGNDQDAREDMFPSKVAIYNDNRLLGTDKTTADSNFDTGHPLYMEISKLSAIRKATPALSRGRQVTRAYDEKPGLFAVSRFDPASGAEVLVAFNTSAAPITRQVEVGVSSTAFAPLVGQCAASASAPGSVTVTLPAFGYVACVAAGGAK
28	WP_066581977	3.2.1.26	MKKLAILLTAAAVLASAASAQQADVRPGYHYGPARNWMNDPNGLVYYDGEYHLFYQYNPHGDRWGHMNWGHAVSRDLVNWEELPVAIPETDVMAFSGTAVIDWNNTTGFGKNGKPPMIAIYTGHDPKTERQSQYLAYSNDRGRTFTIHGEVLNAGNEKHFRDPKVFWHAPTRRWVMVVLKAAANTAEIYTSPNLKDWTHRSSFGPAGGRGKFWECPDLFELPVEGGAPGETRWVLSINLGDNAIGGGSGGQYFVGDFDGEKFTLVPGWPAAPQWMDYGADFYATISWNDMPKGDPRRVWMGWANDWRYAEAIPTWPARGIMTVARTVALRKTAEGYHLLQAPVRELATLRGTPQRAPALALSETPVPLPIEGGKADIELELDTGTADQVSIALTDGQGWQTRIGVNPTVNEVFVDRTRSGPHFHDGFANRHVAPVDLKSRKVKLRVLADESIVEVFVNDGRQTITDRFYRGGGALTWSATARGGKATMNLTAWPMRSMESRK
29	WP_066578892	1.1.1.175	MTQPAAASAAAVYPSLKGKRVLVTGGGSGIGAGIVEGFARQGADVTFFDIAGAESQLLVERLSADGHKACFERVDLTDVASLQAVIARLIKGAGGFDILVNNAANDDRHAIDEITEAYWDERLSVNLKHIFFCAQAVVPAMRARGGGAIVNLGSISWHLGLSDLVLYQTCKAAIEGLTRSLARDLGRDGIRATCVIPGNVRTPRQLKWYSPEGEAEIVAAQCLDGRLAPEDVAAMVLFLASDDARLVTGHSYFVDAGWR
30	WP_066578896	1.2.1.26	MELTGGLFIGGERRQSDARFHAYDPAAGADIADAGFASASEQDVADACAAAEAAFLPYSTKPLEARARFLETIADEIEALGDVLIERACRESGLPAARITGERGRTVGQLRLFAKEVRDGAWQKLRIDHADRERTPPRPDLRLRMVPLGPVAVFGASNFPLAFSTAGGDTASAFAAGCPVVVKGHRAHPGTAELIATAIIRAVETCGMPAGTFGMVNGTSRKVGETLVADPRIQAVGFTGSRGGGEALMRIAAARPRPIPVYAEMAAINPVILMPQALKARGPALAEAFVASLAMGAGQFCTNPGLVMGIDGPELDAFVARAGEVLSGQAAQVMLTDGIWEAFESGKAKLAGSAFVTKVAEGVEADGPNRGRAALFSVAGKDFLADPVHLHEVFGVSSVVVRCASLEELKAVLGELEGQLTATLQVDEGDYPEAQALLPVLERTVGRVIANGWPTGVEVTHAMVHGGPYPSTSDPRSTSVGTLAIDRFLRPVSYQDLPEALLPAALRENAQAGTVARIDGSWTI
31	WP_041645374	1.3.8.7	MRFVLNEVFDAPALWASLPKVAEHVDPETADAILEEAGKISSGVLAPLNREGDEQGCKWNDGEVTSPEGFKEAYQTIVEGGWNGLGGNPDFGGMGMPKTLVAQFEEMMQGANMAFGLAPMLTAGACLALDAHGSDELKEKYLPNMYSGVWSGAMDLTEPHAGTDLGIIRTKAEPNDDGSFNVTGTKIFITWGEHDMAENIIHLVLAKLPDAPKGPKGISMFLVPKFLVNDDGSLGERNSFSCGSLEKKMGIKGSATCVMNFDGAKGWLVGEENKGLAAMFTMMNYERLGVGIQGIGAAEASLQSAREYALDRIQSRAPTGAQQPEKAADPILVHPDVRRMLLTMKSYVEGGRTFSTYVAQWLDIAKFAEDDERRKHAEGMVALLTPVAKAFLTDRGLDTCIMGQQVFGGHGFIREWGQEQLVRDCRITQIYEGTNGIQALDLMGRKVVGTQGKLYELFAQDVANFLEENSGNDHLRPFLEPLAAAVERLDDVTEHVIKQAGDNPNAIGAASVDYLDLFGLTALGYMWAKIVKAAAPQADSDTSGFYSGKLKTARFYFDRLLPKTVSLAEGIRSGSDSMMALTAEEF
32	WP_014576347	2.6.1.57	MFEALQPLPQDPILQLMQTFLEDDRPDKVDLGIGVYKDDAGNTPIMAAVHEAERRLLEGETTKSYVGPAGSAGFNSAMAELILGSNSPLVRDGRVSVIQTPGGCGALRMAAEFLRLCKADTKVWVSTPTWANHLPLLGGAGLTIREYPYLNPETLQVDFGAMLETLERADAGDVVLLHGCCHNPSGADLSLAQWQEVTSLIQRKGLLPFVDMAYQGLGEGLDADAAGLRHLASAVPEMLIAASCSKNFGLYRERTGALALVSETATVNAAATSQLLSVIRSHYSMPPAHGASIVETILGDDDLRAQWQQELNGMCKRILHLRHAFADALSPVGDFDFIARQRGMFSFLGISPEQVGRLRKEHGIHMLESSRVNVAGLNDHVLPQVASALREVLGK
33	NP_719054	2.7.1.59	MGLVQTNDQQLFIGVDGGGSKCRATIYTADGTVLGTGVAGRANPLHGLAQTFESIEASAHQALLDAGMKATDSHLLVAGLGLAGVNVPRLYQDVVNWQHPFAAMYVTTDLHTACIGAHRGADGAVIITGTGSCGYAHVGDASLSIGGHGFALGDKGSGAWLGLKAAEHVLLALDGFATPTALTEMLLSHLGVKDALGIVEHLAGKSSSCYAQLARNVLDCANAGDQVAIAIVQEGADYISEMARKLFMLNPVRFSMIGGLAEPLQAWLGSDVVAKISETLAPPELGAMYYAQQQFNSATV
34	WP_014879948	1.1.1.60	MAKVAFLGLGVMGYPMAGHLAAAGHEVTVYNRTAAKAEAWAKEHGGTAAATPREAAAGAEFVMACVGNDDDLRSVCLGDTGAFGGMGAGAIFVDHTTVSAKVTRELNAAAADLGLSFVDAPISGGQAGAENGVLSVMCGGDQAAYDKAEPVIGSYARICRRIGDSGAGQMTKMCNQIAIAGLVQGLSEALHFAEKAGLDGRAVVEVISQGAAGSWQMANRHETMLDDHFDHGFAVDWMRKDLGICLDAAEETGASLPVTALVDQFYKDVQKLGGGRWDTSSLFKRLKAFE
35	WP_014880051	3.5.3.6	MSQLQAPGAVVMIRPHHFCSNPETRDDNAFQTLADDTADVTSAQAQAEFDGAVTALRGAGVSVHVFDDTGTETPDSVFPNNWFSTHAGGHVAVYPMYAANRRKERRWDVIELLKRDYRVQDVIDYSGLEQDGLALEGTGAMVLDHIGRIAYTVKSNRADPVLLERFCTHFNFEPMVFEARDAQGRDVYHTNVLMGIGTDYALICLDMITDPTRRAEVAARLEETGRRVIDLTPEQIAGFAGNALELTGHSRLLALSSRAAEVLRADQITIIERSATLLPLSIPTIETAGGSVRCMLAAIHLSPRERTQS
36	WP_014880077	5.3.1.7	MSTHSAVGDLSAPGVWLEDTGHQAYLIADARRQLDFFAGSLRAEPGFHTLDAAGRPLPDDKQELHTTTRLVHSYALAHICGYAGAEQMIDHGMAYLNSHHRDQIHGGYLWALSGDAIADDRKLAYGHVFVLLAAASAKLAGHPGADALLSDVAEVLDQRFWETGPKRFADEWNRDWTPFSTYRGMNANMHGVEALLTAYEATGETVFLDRAGHILDFFVDEVAAAESWRLPEHYTETWQIDRTYAGDPMFRPAGTTPGHSFELGRLMLQHWDLAGRRDTGAPTRARSLIEQALADAWLVDGGFAYTLDFEGKVAMRNRFWWPVTEAIGAVATLVKLDGRVEDEQWYRRLWGFAQAHFIDEDRGGWYPEIDGNGQVTRTIFTGKPDIYHALQACLLPLGALPLGHVAGLKKLSAPLLS
37	WP_014880980	2.7.1.59	MTDSRFPYLIAVDGGGTSCRFALLKSGATPPQQLVVTGGSANVYTAPDQAVETLSAGLADLQRQSGLTDEVFHQIPVYAGLAGVIDGESAARVAEALPQAHVRVEDDRMPAVVGALGEDTASLIGVGTGSFLGRQVAGQVTLIGGHGTVLGDEASGGWLGRRALQLTLQAAEGIEPMTPLLRSCLRDFSNETAKIVRFAQTARPVAFGAYAPRVAKAAVEGDAAGRRLMAEGAEYLCNGLQALGRRPEEPVYHIGGVAAQYAAYLPADVADYLRGAEGSPLDGALELARRFAREIAQEVV
38	WP_014881125	1.1.3.15	MQTTFSEKQLRDPGTQRANEILRSCVHCGFCTATCPTYQVLGDELDSPRGRIYLIKDMLENERVPDAKTVKHIDRCLSCLACMTTCPSGVHYMHLVDHARAYIDKHYNRPWSDRALRWLLARILPYPGRFRLALIGAKLAQPFKRLVPDARLRAMLDMAPRHIPPVSRNDDPQSFAAKAPRRKRVALMTGCAQKALNTDINDATIRLLTRLGCEVVVAAGAGCCGALTHHMGREEESHATAAKNIRAWTDEIDGQGLDAIVINTSGCGTTVKDYGHMFRNDALAEDAARVSAIAMDISELLMQLDLPEGEDKETTVAYHAACSLQHGQQIKTHPKTLLKRAGFTVVEPADSHLCCGSAGTYNLLQPEISAELKARKVTSLEARQPDLIAAGNIGCMMQIGSATDIPILHTVELLDWATGGPKPRALVAGGPGADPRAGEIPILR
39	WP_014881126	1.1.3.15	MTPQSEAELAQIIVGATAPLAVSGGGTRGLSTGGETLSVAGLNGVTLYEPGALTLVVQAGTSVEEVQALLAGENQRLAFEPMDHRGLLGTKGTPTIGGVFAANVSGPRRIQCGAARDFLLGVRFVDGRGDVLSNGGRVMKNVTGYDLVKLMAGSHGTLGVLSEVSLKVLPCSEACATVTVHVADLTSAVAAMSTALGSPYDVTGAAYDPEAGAVYIRVEGFEASVTYRAEALKMALGKFGEVSLALGAGDALWEGIRNVAAFHDRPGDVWRISVKPSDAVALAPALEAEGLLFDWGGGLIWALVPAGRDLRFRLTVPGHATLVRASAQTRAELGQFQPQPGPLAAISGGLRRQFDPRGILNPGLMG
40	WP_014881127	1.1.3.15	MEMPIPDQTVLSQKTELALRLAAVLPDDALVQDPAETRAYECDALTAYKCPPMLVVLPRTTKEVSDVLRICHAAGVPVVPRGAGTSLAGGALPTADCVILGVARMNAVLETDYDNRIIRVQTGRTNLSVSGAVEEEEFFYAPDPSSQLACAIAGNIAMNSGGAHCLKYGVTTNNLMGVTMVMMDGTVVEIGGAHLDAGGLDLLGVICGSEGQLGVVTEATLRILRKPEGARPVLIGYDSNEVAGACVSDIIKAGVLPVAIEFMDRPCIEACEAFAKAGYPMCEALLIVEVEGSDAEIDHQLRLITEIARSHNPVELREARDSDEAARIWLGRKSAFGAMGQINDYMCLDGTIPVTSLPHVLRRIGEMSKEFGLDVANVFHAGDGNMHPLILFDANKPGDLETCEAFGAEILKLCVEVGGCLTGEHGVGIEKRDLMLDQYGVADIEAQLRVKDVFDPKWLLNPAKVFPLSTTQSRRTPAVTPL
41	WP_014879336	4.1.2.29	MTIATLAEVLQPALRDGYAVAGLVTLGWEDMRAYVAAAEAEGVPVILQAGPSCRVHTPLPILGKMFRHLAEGASVPVVAHLDHGYTAEDCRIAIDSGFTSVMFDGSRNALDDNIAETAAIAGMAHAAGVSCEGEIGFVGYSGGEGSAGTDPEEARRFAQETGVDAMAISVGNVHLQQDKEGGLDIDRIRAIEAITEVPLVIHGGSGVPVAQRRMLARESRICKFNIGTELRMVFGAAMRDAVNSDPDRFDRVSILSETHDPVVAAARSVLRAFKGETQC
42	WP_014879339	1.1.1.18	MVCGRVDLILRDVESQDTSFATGCKLNLMVWEARMTEIGIGILGGGYMGKAHAVAMAAVGAVFDTALRPRLEMVCATSPVSAERYRKAYGFQRATDDWQVLVNDPKVEAIVIASPQQTHRVVAEAAFALGKPVFCEKPLGASLADSRAMVAAAQSSGCPNMVGFNYIRTPASQYARQLIADGLIGEVTWFRGEHTEDFYADPDAPATWRTEGEANGTMGDLAPHMINGAMALIGPIAELIAEVETVHTDRPGGRVTNDDQGQLMCRFANGAMGQMFFSRIATGRKMGYAYEITGTKGAIRFDQEDQNALWLYLSEGDEATRGFRKILTGPAHPDYLPFCQGPGHGTGYQDQILIEARDFLRAIETQTPVWPTFEDGMAVNQVIAAAMAASEARSWQTVSTF
43	WP_014235627	5.1.99.1	MSQRPFKVLGIQQIAIGGPSKDKLKTLWVDMLGLEVTGNFVSERENVDEDICAMGKGPFKVEVDLMQPLDPEKKPAVHTTPLNHVGLWIDDLPKAVEWLTANGVRFAPGGIRKGAAGFDICFLHPKGNEESPIGGEGVLIELVQAPAEVVDAFAKLAG
44	WP_063341556	1.2.1.26	VADAKRYDNYINGEWVSGADYSANINPSELTDTIGDYAKADLAQVHAAIDAARAAFPAWSTSGIQARHDSLDKVGTEILARREELGTLLAREEGKTLPEAIGEVTRAGNIFKFFAGECLRLSGDYLPSVRPGVNVEVTREALGVVGLITPWNFPIAIPAWKIAPALAYGNCVVLKPADLVPGCAWALAEIISRAGFPAGVFNLVMGSGRVVGDALVQSPKVDGISFTGSVGVGRQIAVSCVSRQAKVQLEMGGKNPQIILDDADLKQAVELSVQSAFYSTGQRCTASSRFIVTAGIHDKFVEAMAERMKSIKVGHALKTGTDIGPVVSQAQLEQDLKYIDIGQSEGARLVSGGGLVACDTEGYFLAPTLFADSTAAMRISREEIFGPVANIVRVADYEAALAMANDTEFGLSAGIATTSLKYANHFKRHSQAGMVMVNLPTAGVDYHVPFGGRKGSSYGSREQGRYAQEFYTVVKTSYIGS
45	WP_007897683	6.3.1.11	MNGVVRGKRIERTSLHKVYEKGINLPASLFALDINGSTVESTGLGLDIGDADRICYPIPDTLCNEPWQKRPTAQLLMTMHELEGDPFFADPREVLRQVVAKFDEMGLTICAAFELEFYLIDQENVNGRPQPPRSPISGKRPHSTQVYLIDDLDEYVDCLQDILEGAKEQGIPADAIVKESAPAQFEVNLHHVADPIKACDYAVLLKRLIKNIAYDHEMDTTFMAKPYPGQAGNGLHVHISILDKDGKNIFASEDPEQNAALRHAIGGVLETLPAQMAFLCPNVNSYRRFGAQFYVPNSPCWGLDNRTVAIRVPTGSSDAVRIEHRVAGADANPYLLMASVLAGVHHGLTNKIEPGAPVEGNSYEQNEQSLPNNLRDALRELDDSEVMAKYIDPKYIDIFVACKESELEEFEHSISDLEYNWYLHTV
46	WP_063341172	1.1.1.48	MAEPLSLPPVPEPPKGERLKNKVVLLTGAAQGIGEAIVATFASQQARLVISDIQGEKVEKVAAHWREQGADVVAIKADVSRQQDLHAMARLAIELHGRIDVLVNCAGVNVFRDPLQMTEEDWHRCFAIDLDGAWYGCKAVLPQMIEQGIGSIINIASTHSTHIIPGCFPYPVAKHGLLGLTRALGIEYAPKGIRVNAIAPGYIETQLNVDYWNGFADPHAERQRAFDLHPPRRIGQPIEVAMTAVFLASDEAPFINASCITIDGGRSVMYHD
47	WP_063343423	1.1.1.203	MTNTSPFNRLLLTGAAGGLGKVLRERLRPYANVLRLSDIANMAPAIDDREEVVPCDLADKQAVHQLVEGVDAILHFGGVSVERPFEEILGANICGVFHIYEAARRHGVKRVIFASSNHVIGFYKQDKTLDAHSPRRPDSYYGLSKSYGEDMASFYFDRYGIETVSIRIGSSFPEPQNRRMMSTWLSFDDMTQLLERALYTPNVGHTVVYGMSANKSVWWDNRFAAHLGFAPQDTSEVFREKVEAQPMPAEDDPARVYQGGAFVAAGPFGD
48	WP_063343491	4.2.1.43	MRLVQFELSHGERRVGVVEDGLVREVRDARSVRDLALAAIEAGVNLEQQVQTLGLGISHDYSALLANLQILPPLDHPDPAHMLVSGTGLTHLGSASARDKMHQQAGDETAMTDTMRIFKWGVEGGKPATGQVGVQPEWFYKGDGSIVVRPGKPFPLPPFAEDAGEEPELSGLYVIGHDGKPYRLGFAVGNEFSDHVMERKNYLYLAHSKLRSCSYGPELRVGELPQHLAGTSRILRDGEVLWQNEFLSGEANMCHSLENLEYHHFKYSQFLRPGDVHIHFFGTATLSFADGIRTQPGDVFEISQAEFGAPLINGIEPVEAAFEPGTVGTL
49	WP_063340417	3.2.2.3	MQRYAQKLHHLLRSLLLLSLITATSAQAAEKIDLIIDTDPGADDVVALLFALASPDELNIRALTTVAGNVRLDKTSRNARLAREWAGREEVPVYAGAPKPMMRTPIYAENIHGKEGLSGVTVHEPKKGLAEGNAVNYLIDTLKTAKPHSITIAMLGPQTNLALALIQEPEIVQGIKEVVIMGGAHFNGGNITPVAEFNLFADPQAAEVVLKSGVKLTYLPLDVTHKILTSEARLKQIAALNNNASKLVGDILNEYVKGDMEHYGIPGGPVHDATVIAYLLKPELFTGRSVNVVVDSREGPTFGQTIVDWYDGLKAPKNAFWVESGDAQGFFDLLTQRLSRLK
50	WP_057713727	1.1.1.48	MAEPLSLPPVPEPPRGERLKNKVVLLTGAAQGIGEAIVATFASQQARLIISDIQGEKVEKVAAHWRDQGADVVAIKADVSRQQDLHAMARLAIDLHGRIDVLVNCAGVNVFRDPLEMTEEDWRRCFAIDLDGAWYGCKAVLPQMIEQGIGSIINIASTHSTHIIPGCFPYPVAKHGLLGLTRALGIEYAPKGVRVNAIAPGYIETQLNVDYWNGFADPHAERQRAFDLHPPRRIGQPIEVAMTAVFLASDEAPFINASCITIDGGRSVMYHD
51	WP_057714593	4.3.1.9	MSSAPNTAAVEKGTAPKGASLVRDVSLPALVLHREALEHNIRWMQAFVSDSGAELAPHGKTSMTPALFRRQLDAGAWGITLASATQTRAAYAHGVRRVLMANQLVGTPNMALIADLLADPTFDFYCMVDHPDNVADLGAYFASRGVRLNVMIEYGVVGGRCGCRSEQQVLDLAKAIAAQPALALTGIEGYEGVIHGDHAVTGIRDFAASLVRLAVQLQDSGAFAIPKPIITASGSAWYDLIAESFEAQNAAGRFLSVLRPGSYVAHDHGIYKEAQCCVLDRRSDLHEGLRPALEVWAHVQSLPEPGFAVIALGKRDVAYDAGLPVPLLRYKAGVVPAEGDDVSVCKVTAVMDQHAFMTVAPGVDLRVGDIISFGTSHPCLTFDKWRVGCLVDEQLNVIETMETCF
52	WP_057714718	1.3.8.1	MHDIELSEEQVMIRDMARDFARGEIAPHAQAWEKAGWIDDGLVAKMGELGLLGMVVPEEWGGTYVDYVAYALAVEEISAGDGATGAFMSIHNSVGCGPVLNYGSEEQKQTWLADLASGQVIGCFCLTEPQAGSEAHNLRTRAELRDGQWVINGAKQFVSNGKRAKLAIVFAVTDPDLGKRGISAFLVPTDTAGFIVDRTEHKMGIRASDTCAVTLNNCTIPEANLLGERGKGLAIALSNLEGGRIGIAAQALGIARAAFEAALAYSRDRVQFGKAINEHQSIANLLADMHMQLNAARLMILHAARLRTAGKPCLSEASQAKLFASEMAEKVCSSAIQIHGGYGYLEDYPVEKYYRDARITQIYEGSSEIQRMVIARELKNYLI
53	WP_057715016	4.2.1.43	MRLVQFELSNGERRVGVVEAGLVREVQDTRTVRDLALAAIEASASLEQQVQSLGLGISHDYAELLTQRRILPPLDHADPAHMLVSGTGLTHLGSASARDKMHQQSGDETAMTDTMRIFKWGVEGGKPAVDEAGVQPEWFYKGDGGIVVRPGQPFPLPPFAEDAGEEPEIAGLYVIGHDGKPYRLGFAVGNEFSDHVMERKNYLYLAHSKLRSCSYGPELRVGELPQHLAGTSRILRDGEVLWQNEFLSGEANMCHSLANLEFHHFKYSQFLRPGDVHIHFFGTATLSFADGIRTQPGDVFEITQAEFGAPLINGIAPVAAAFEPGTVGTL
54	WP_057715924	2.6.1.57	MHFDAIGRVPGDPILGLMEAYAQDPNPRKFDLGVGVYKDAQGLTPILESVKLAEQRLVDHQSTKTYIGGHGEPAFGKAINELVLGADSKLISAQRAGATQTPGGTGALRLSADFIAQCLPGRGVWLSNPTWPIHETIFAAAKVKVSHYPYVGSDNRLDVDGMLAALNEAPKGDVVLLHACCHNPTGFDLSQDDWQRVLEVVRKRELLPLIDFAYQGFGDGLEQDAWSTRLFAAELPELLITSSCSKNFGLYRDRTGALIVCAKTADKLVDIRSQLANIARNLWSTPPDHGAAVVATILGDPELKRLWADEVEAMRLRIAQLRSGLVEALEPHGLRERFAHIGVQRGMFSYTGLSPEQVKNLRDHHSVYMVSSGRANVAGIDATRLDLLAEAIASVCK
55	WP_053163627	6.3.1.11	MSVPPRAVQLNEANAFLKEHPEVLYVDLLIADMNGVVRGKRIERTSLHKVYEKGINLPASLFALDINGSTVESTGLGLDIGDADRICYPIPDTLCNEPWQKRPTAQLLMTMHELEGEPFFADPREVLANVVRKFDEMGLTICAAFELEFYLIDQENVNGRPQPPRSPVSGKRPHSTQVYLIDDLDEYVDCLQDILEGAKEQGIPADAIVKESAPAQFEVNLHHVADPIKACDYAVLLKRLIKNIAYDHEMDTTFMAKPYPGQAGNGLHVHISILDKDGKNIFASEDPEQNAALRHAIGGVLETLPAQMAFLCPNVNSYRRFGAQFYVPNSPCWGLDNRTVAIRVPTGSADAVRIEHRVAGADANPYLLMASVLAGVHHGLTNKIEPGAPVEGNSYEQNEQSLPNNLRDALRELDDSEVMAKYIDPKYIDIFVACKESELEEFEHSISDLEYNWYLHTV
56	WP_054594340	1.3.8.7	MADYKAPLRDMRFVLNEVFEVAKLWAELPALADTVDAETVEAILEEAGKVTSKSIAPLSRAADEEGCHWSDGAVTTPAGFPQAYQTYAEGGWVGVGGDPSYGGMGMPKAVSAQVEEMVNSASLSFGLYPMLTAGACLSINAHASEELKAAYLPNMYAGVWAGSMCLTEPHAGTDLGIIRTKAEPQADGSYKVSGTKIFITGGEHDLTENIIHLVLAKLPDAPAGPKGISLFLVPKFMVNADGSLGARNPANCGSIEHKMGIQASATCVMNFDEAVGYLVGEPNKGLAAMFTMMNYERLGVGIQGLASGERSYQNAVEYARDRLQSRSPTGAQNKDKVADPIIVHPDVRRMLLTMKASNEGGRAFSTYVAMQLDTAKFSEDATIRKRAEDLVALLTPVAKAFLTDLGLETTIHGQQVFGGHGYIREWGQEQLVRDVRITQIYEGTNGIQALDLVGRKIVGSGGAYYKLFADEIRHFTATASADLAEFTKPLNDAVDTLDELTAWLLDRVKNNPNEIGAASVEYLQVFGYVSYAYMWALMAKAAFGKEAQDDFYASKLGTARFYFARLLPRFHSLSASVKAGSESLFLLDAAQF
57	WP_054594536	2.6.1.19	MTSKNPQTREWQTLSSEHHLAPFSDFKQLKEKGPRIITNAKGVYLWDSEGNKILDGMAGLWCVAIGYGRDELADAASKQMRELPYYNLFFQTAHPPVLELAKAISDIAPEGMNHVFFTGSGSEGNDTMLRMVRHYWAIKGQPNKKVIISRINGYHGSTVAGASLGGMTYMHEQGDLPIPGIVHIPQPYWFGEGGDMTPEEFGIWAANQLEEKILELGVDTVGAFIAEPIQGAGGVIIPPDSYWPRIKEILAKYDILFVADEVICGFGRTGEWFGSDFYGLKPDMMTIAKGLTSGYIPMGGLIVRDEVVEVLNEGGDFNHGFTYSGHPVAAAVALENIRILREEKIIEHVRAETAPYLQKRLRELNDHPLVGEVRGVGLLGAIELVQDKATRARYVGKGVGMICRQFCFDNGLIMRAVGDTMIIAPPLVITKAEIDELVTKARKCLDLTLSALQS
58	WP_054594538	6.3.1.11	MSVPPRAVQLNEANAFLKEHPEVLYVDLLIADMNGVVRGKRIERTSLHKVYEKGINLPASLFALDINGSTVESTGLGLDIGDADRICYPIPNTLCNEPWQKRPTAQLLMTMHELEGEPFFADPREVLANVVRKFDDMGLTICAAFELEFYLIDQENVNGRPQPPRSPVSGKRPHSTQVYLIDDLDEYVDCLQDILEGAKEQGIPADAIVKESAPAQFEVNLHHVADPIKACDYAVLLKRLIKNIAYDHEMDTTFMAKPYPGQAGNGLHVHISILDKDGKNIFASEDPEQNAALRHAIGGVLETLPAQMAFLCPNVNSYRRFGAQFYVPNSPCWGLDNRTVAIRVPTGSADAVRIEHRVAGADANPYLLMASVLAGVHHGLTNKIEPGAPVEGNSYEQNEQSLPNNLRDALRELDDSEVMAKYIDPKYIDIFVACKESELEEFEHSISDLEYNWYLHTV
59	WP_054595050	1.2.1.16	MQLKDTLLFRQQAFIDGAWVDADNGQTINVTNPATGEILGTVPKMGAAETRRAIEAADKALPAWRALTAKERANKLRRWFELIIENQDDLARLMTLEQGKPLAEAKGEIVYAASFIEWFAEEAKRIYGDVIPGHQPDKRLIVIKQPIGVTAAITPWNFPAAMITRKAGPALAAGCTMVLKPASQTPYSAFALAELAQRAGIPKGVLSVVTGSAGDIGSELTSNPIVRKLSFTGSTEIGRQLMAECAKDIKKVSLELGGNAPFIVFDDADLDKAVEGAIISKYRNNGQTCVCANRLYIQDSVYDAFAEKLKVAVAKLKIGNGLEEGTTTGPLIDGKAVAKVQEHIADALSKGATLLAGGKVMEGNFFEPTILTNVPKSAAVAKEETFGPLAPLFRFKDEAEVIAMSNDTEFGLASYFYARDLGRVFRVAEALEYGMVGVNTGLISNEVAPFGGIKASGLGREGSKYGIEDYLEIKYLCLGI
60	WP_054596267	2.6.1.57	MHFDAIGRVPGDPILGLMEAYAQDSNPCKFDLGVGVYKDAQGLTPIPQSVKLAELRLVDRQTTKTYIGGHGDPAFGKVINELVLGADSALIAEQRVGATQTPGGTGALRLSADFIAHCLPGRGIWLSNPTWPIHETIYATAGLKVSHYPYVGSDNRLDVEAMLATLNLIPKGDVVLLHACCHNPTGFDLSHDDWRRVLEVVRSRELLPLIDFAYQGFGDGLEQDAWAVRLFAAELPELLITSSCSKNFGLYRDRTGALIVCAKDAEKLVDIRSQLANIARNLWSTPPDHGAAVVATILGDPELKQLWADEVEAMRLRIAQLRSGLVEALEPHGLGERFAHIGVQRGMFSYTGLTPAQVKNLRDHHSVYMVSSGRANVAGIDATRLDLLAQAFADVCK
61	WP_054596656	3.2.2.3	MYRYAQRLHHLIRSLLLLSLLTATGAHAAEKIDLIIDTDPGADDVVALLFALASPEELNIRALTTVAGNVRLDKTSRNARLAREWAGREDVPVYAGAPKPLMRTPIYAENIHGKEGLSGVTVHEPKKGLAKGDAVSYLIDTLRAAKPHSITIAMLGPQTNLALALIQDPEITQGIKEVVIMGGAHFNGGNITPVAEFNLFADPHAAEVVLKSGVKLTYLPLDVTHKILTSDARLKQIAALNNNASKLVGDILNEYVKGDMEHYGIPGGPVHDATVIAYLLKPELFTGRAVNVVVDSREGPTFGQTVVDWYDGLKAPKNAFWVANGDAQGFFDLLTARLARLK
62	WP_054596807	4.3.1.9	MSSALNIAAVEKGAGQPGANLVRDVSLPALVLHREALEHNIHWMQAFVSHSGAELAPHGKTSMTPSLFRRQLEAGAWGITLATVVQTRAAYAHGVRRVLMANQLVGAPNMALIAELLADPSFDFYCMVDHPDNVADLGVFFAARGLRLNVMIEYGVVGGRCGCRSEAEVLALAEAIKAQPGLALTGIEGYEGVIHGDQAVSGIREFAASLVRLAVQLQDSGAFAISKPIITASGSAWYDLIAESFEAQNAGGRFLSVLRPGSYVAHDHGIYKEAQCCVLDRRSDLHEGLRPALEVWAHVQSLPEPGFAVIALGKRDVAYDAGLPVPLLRYRAGVLPAVGDDVSACTVTAVMDQHAFMTVAPGVQLRVGDIISFGTSHPCLTFDKWRTGCLVDEQLNVIESMETCF
63	WP_054597481	3.5.3.6	MQTTNTVLMIRPTRFSFNQDTAANNRFQRPAAAAEDVQLKALQEFDGYVAALREHGVEVMVHNDSEAPHTPDSIFPNNWWSSHPDGTLVLYPMQGHNRRLERDKGVLDWLRDAYRIEQLLDLSDLEQQEVFLEGTGSMVLDREQRICYAGYSTRTHAKALDQVVEHLGYELCAFNAVDRHGVPIYHTNVMMSVGRQLAVVCLESVSDLDERNALRSRLECSGKQVLTLSFDQLESFAGNMLEVHNAAGEPLLVMSRTAWRSLHADQRRMVEAYAKPLPVNIDTIERIGGGSARCMLAEVYLPKRVSPQEQH
64	WP_054597487	4.2.1.17	MTAQVSSQATHGIDASANDVLAEVRNHIGHLTLNRPAGLNAITLDMVRSLHRQLDAWSKDPHIHAVVLRGAGEKAFCAGGDIRSLYDSFKSGGTLHEDFFVEEYALDLAIHHYRKPVLALMDGFVLGGGMGLVQGADLRVVTERSRLAMPEVAIGYFPDVGGSYFLPRIPGELGIYLGVSGVQIRAADALYCGLADWYLESQKLAELDQHLDSLEWHDTPLKDLQGLLAKLALQQLPDAPLQALRPTIDHFFALPDVPSIVEQLRTVTVADSHDWAMTTADLLDSRSPLAMGVTLEMLRRGRQLSLENCFALELHLDRQWFERGDLIEGVRALLIDKDKSPRWNPPTVQALDAKHVASFFSGFDQSGS
65	WP_054597488	1.3.8.1	MHDIELTEEQVMIRDMARDFARGEIAPHAQAWEKAGWIDDALVAKMGELGLLGMVVPEEWGGTYVDYVAYALAVEEISAGDGATGALMSIHNSVGCGPVLNYGTEEQKQTWLADLASGQAIGCFCLTEPQAGSEAHNLRTRAELRDGQWVINGAKQFVSNGRRAKLAIVFAVTDPDLGKKGLSAFLVPTDTPGFIVDRSEHKMGIRASDTCAVTLNNCTIPEANLLGERGKGLAIALSNLEGGRIGIAAQALGIARAAFEAALAYARDRVQFDKPIIEHQSVANMLADMHTRLNAARLLILHAARLRSAGKPCLSEASQAKLFASEMAEKVCSSAIQIHGGYGYLEDYPVERYYRDARITQIYEGSSEIQRMVIARELKNYLV
66	WP_054597490	1.3.8.1	MLPTDEQLQISDAARQFAQERLKPFAAEWDREHRFPKEAIGEMAELGFFGMLVPEQWGGCDTGYLAYAMALEEIAAGDGACSTIMSVHNSVGCVPILKFGNDDQKERFLKPLASGAMLGAFALTEPQAGSDASSLKTRARLNGDHYVLNGCKQFITSGQNAGVVIVFAVTDPSAGKRGISAFIVPTDSPGYKVARVEDKLGQHASDTCQILFEDVQVPVANRLGEEGEGYKIALANLEGGRVGIASQSVGMARAAFEAARDYARERESFGKPIIEHQAVAFRLADMATQIAVARQMVHYAAALRDSGKPALVEASMAKLFASEMAEKVCSTALQTLGGYGYLSDFPLERIYRDVRVCQIYEGTSDIQRMVISRNL
67	WP_054597491	2.3.1.9	MTMSHDPIVIVSAVRTPMGGFQGELKSLSAPQLGAAAIRAAVERAGVAADAVEEVLFGCVLSAGLGQAPARQAALGAGLDKSTRCTTLNKMCGSGMEAAILAHDMLLAGSADVVVAGGMESMSNAPYLLDRARSGYRMGHGKVLDHMFLDGLEDAYDKGRLMGTFAEDCAEANGFTREAQDEFAIASTTRAQQAIKDGSFNAEIVPLQVIVGKEQKLITDDEQPPKAKLDKIASLKPAFRDGGTVTAANSSSISDGAAALLLMRRSEAEKRGLKPLAVIHGHAAFADTPGLFPVAPVGAIKKLLKKTGWSLDEVELFEVNEAFAVVSLVTMTKLEIPHSKVNVHGGACALGHPIGASGARILVTLLSALRQKGLKRGVAAICIGGGEATAMAVECLY
68	WP_054598124	3.5.1.94	MALKPLIGVTACVKQIGLHPYHVSGDKYLRAVSVAALGLPVVIPSLGELTEIDELLAHLDGLLLTGSPSNVEPFHYQGPASAPGTDHDPARDSTTLPLLRAAIAAGVPVLGICRGFQEMNVAFGGSLHQKVHELPGMLDHREADHPDLAVQYAPAHAVSVQPGGVFQALELPPVFQVNSIHSQGIDRLAPGLRAEAIAPDGLIEAISVEHSKAFALGVQWHPEWQVLANPPYLSIFQAFGDACRQRAALRNTR
69	WP_060738105	4.3.1.9	MSSVIPNAGVEKGAATVGAHLLKDVSLPALVLHRAALEHNIRWMQAFVTDSGAELAPHGKTSMTPALFRRQLDAGAWGLTLATAVQTRAAYAHGVRRVLMANQLVGTPNMALIADLLADPAFEFHCMVDHPDNVADLGAFFASRGMKLNVMIEYGVVGGRCGCRTEAEVLALAEAIRSQPALALTGIEGYEGVIHGDHAISGIRAFAASLVRLAVQLQDDDAFAIDKPIITASGSAWYDLIAESFEAQNAHGRFLSVLRPGSYVAHDHGIYKEAQCCVLERRSDLHEGLRPALEVWAHVQSLPEPGFAVIALGKRDVAYDAGLPVPLKRYTPGSDSVPGDDVSGCKVTAVMDQHAFMSVAAGVELRVGDIIAFGTSHPCLTFDKWRVGCLVDEQLRVVESMETCF
70	WP_060738180	3.2.2.3	MHRYAEKMHQLIRSLLLLSLITATSAQAAEKIDLIIDTDPGADDVVALLFALASPEELHIRALTTVAGNVRLDKTSRNARLAREWAGREDVPVYAGAPKPLMRTPIYAENIHGKEGLSGVTVHEPKKGLAEGNAVNYLIDTLKAAKPHSITIAMLGPQTNLALALVQEPDIVQGIKEVVIMGGAHFNGGNITPVAEFNLFADPQAAEVVAKSSVKLTYLPLDVTHKILTSEARLKQIAALNNNASKLVGDILNEYVKGDMEHYGMTGGPVHDATVIAYLLKPQLFTGRSVNVVVDSREGPTFGQTIVDWYDGLKAPKNAFWVENGDAQGFFDLLTERLARLK
71	WP_060739768	2.6.1.39	MSKTNADLMARRTAAVPRGVGQIHPIFAESAKNATVTDVEGREFIDFAGGIAVLNTGHVHPKIIAAVTAQLNKLTHTCFQVLAYEPYVEVCEKINAKVPGDFAKKTLLVTTGSEAVENAVKIARAATGRAGVIAFTGAYHGRTMMTLGLTGKVVPYSAGMGLMPGGIFRALYPNELHGVSIDDSIASIERIFKNDAEPRDIAAIIIEPVQGEGGFYVAPKEFMKRLRALCDQHGILLIADEVQTGAGRTGTFFAMEQMGVAADLTTFAKSIAGGFPLAGVCGKAEYMDAIAPGGLGGTYAGSPIACAAALAVMEVFEEEHLLDRCKAVGERLVTGLKAIQKKYPVIGEVRALGAMIAVELFENGDTHKPNAAAVAQVVAKARDKGLILLSCGTYGNVLRVLVPLTSPDEQLDKGLAIIEECFSEL
72	WP_060739786	2.8.3.13	MGALSHLRVLDLSRVLAGPWAGQILADLGADVIKVERPGNGDDTRAWGPPFLKDARGENTTEAAYYLSANRNKQSVTIDFTRPEGQRLVRELAAKSDILIENFKVGGLAAYGLDYDSLKAINPQLIYCSITGFGQTGPYAKRAGYDFMIQGLGGLMSLTGRPEGDEGAGPVKVGVALTDILTGLYSTAAILAALAHRDHVGGGQHIDMALLDVQVACLANQAMNYLTTGNAPKRLGNAHPNIVPYQDFPTADGDFILTVGNDGQFRKFAEVAGQPQWADDPRFATNKVRVANRAVLIPLIRQATVFKTTAEWVTQLEQAGVPCGPINDLAQVFADPQVQARGLAMELPHLLAGKVPQVASPIRLSETPVEYRNAPPLLGEHTLEVLQRVLGLDEAAVMAFREAGVL
73	WP_025216023	6.3.1.11	MSVPPRAVQLNEANAFLKEHPEVLYVDLLIADMNGVVRGKRIERTSLHKVYEKGINLPASLFALDINGSTVESTGLGLDIGDADRICYPIPDTLCNEPWQKRPTAQLLMTMHELEGEPFFADPREVLRQVVTKFDELGLTICAAFELEFYLIDQENVNGRPQPPRSPISGKRPHSTQVYLIDDLDEYVDCLQDILEGAKEQGIPADAIVKESAPAQFEVNLHHVADPIKACDYAVLLKRLIKNIAYDHEMDTTFMAKPYPGQAGNGLHVHISILDKDGKNIFASEDPEQNAALRHAIGGVLETLPAQMAFLCPNVNSYRRFGAQFYVPNSPTWGLDNRTVALRVPTGSADAVRLEHRVAGADANPYLLMAAVLAGVHHGLVNKIEPGAPVEGNSYEQNEQSLPNNLRDALRELDDSEVMAKYIDPKYIDIFVACKESELEEFEHSISDLEYNWYLHTV
74	WP_060740154	3.5.1.94	MSRLPLIGVTTCSRQMGLHAYHTSGDKYARAVATAAKGLPVLVPSLADLFPPSDILDALDGILLTGSPSNVEPFHYQGPASAPGTAHDPARDATTLPLIRAAVEAGVPVLGICRGFQEMNVAFGGSLHQKVHEVGTFIDHREDDTQAVEVQYGPAHAVDIQPGGILAGLGLPQSIEVNSIHSQGIERLAPGLRAEAVAPDGLIEAVSVPEGKAFALGVQWHPEWEVSSNPHYLAIFQAFGDACRARATQRDADASNNA
75	WP_060740156	2.6.1.19	MTRNNPQTREWQALSNDHHLAPFSDFKQLKEKGPRIITHAKGVYLWDSEGNKILDGMAGLWCVAVGYGREELADAASQQMRELPYYNLFFQTAHPPVLELSKAIADIAPEGMNHVFFTGSGSEGNDTMLRMVRHYWAIKGQPNKKVIISRKNGYHGSTVAGASLGGMTYMHEQGDLPIPGIVHIAQPYWFGEGGDMSPEEFGVWAANQLEEKILEIGVDNVGAFIAEPIQGAGGVIVPPDSYWPRMKEILAKYDILFVADEVICGFGRTGEWFGTDHYGLKPHMMTIAKGLTSGYIPMGGLIVRDDVVAVLNEGGDFNHGFTYSGHPVAAAVALENIRILRDEKIIERVHSETAPYLQKRLRELNDHPLVGEVRGVGLLGAIELVQDKATRKRYEGKGVGMICRQFCFDNGLIMRAVGDTMIIAPPLVISKAEIDELVTKARHCLDLTLSALQG
76	WP_060740275	1.1.1.108	MPTLTTYQTRILPEWVDYNGHLRDAFYLLIFSYATDALMDRLGLDSQNREASGHSLFTLELHLNYLHEVKLGAEVQVHTQIIGHDAKRLHLYHSLHLVGGDKELAGNEQMLLHVDLAGPRSAPFTEQTLARLDALLDEQSDLPPPAYIGRVIALPPAR
77	WP_060740332	1.3.8.7	MPDYKAPLRDIRFVRDELLGYEAHYQSLPACQDATPDMVDAILEEGAKFCEQVLAPLNRVGDIEGCTWSESGVKTPAGFKEAYKQFVEGGWPSLAHDVEHGGQGLPESLGLAVSEMVGEANWSWGMYPGLSHGAMNTISEHGTPEQQEAYLTKLVSGEWTGTMCLTEPHCGTDLGMLRTKAEPQADGSYKVSGTKIFISAGEHDMADNIVHIVLARLPDAPAGTKGISLFIVPKFLPNADGSIGQRNAVSCGSLEHKMGIHGNATCVMNFDAATGYLIGPANKGLNCMFTFMNTARLGTALQGLAHAEIGFQGGLKYARDRLQMRSLTGPKAPDKAADPIIVHPDVRRMLLTMKAFAEGNRAMVYFTAKQVDIVKYGVDEEEKKKADALLAFMTPIAKAFMTEVGFESANHGVQIYGGHGFIAEWGMEQNVRDSRISMLYEGTTGIQALDLLGRKVLMTQGEALKGFTKIVHKFCQSNEGNEAVKEFVEPLAALNKEWGELTMKVGMAAMKDREEVGAASVDYLMYSGYACLAYFWADMARLAAEKLAAGTTEEAFYTAKLQTARFYFQRILPRTRTHVATMLSGANNLMDMKEEDFALGY
78	WP_060740336	1.3.8.7	MADYKAPLRDMRFVLNEVFEVAKLWAQLPVLADTVDAETVEAILEEAGKVTSKSIAPLSRAADEEGCHWANGAVTTPAGFPQAYKTYAEGGWVGVGGDPVYGGMGMPKAVSAQVEEMVNSASLSFGLYPMLTAGACLSINAHASEELKAAYLPNMYAGVWAGSMCLTEPHAGTDLGIIRTKAEPQADGSYKVSGTKIFITGGEHDLTENIIHLVLAKLPDAPAGPKGISLFLVPKFMVNADGSLGARNAANCGSIEHKMGIQASATCVMNFDEAVGYLVGEPNKGLAAMFTMMNYERLGVGIQGLASGERSYQNAVEYARDRLQSRSPTGAQNKDKVADPIIVHPDVRRMLLTMKASNEGGRAFSTYVAMQLDTAKFSEDPVTRKRAEDLVALLTPVAKAFLTDLGLETTVHGQQVFGGHGYIREWGQEQLVRDVRITQIYEGTNGIQALDLVGRKIVGSGGAFYRLFADEIRHFTATASSDLAEFTKPLNDAVGTLDELTDWLLDRAKNNPNEIGAASVEYLQAFGYTAYAYMWALMAKAAFGKENQDDFYASKLGTARFYFARLLPRIHSLSASVKAGSESLFLLEPGQF
79	WP_060740343	3.5.1.30	MRVALYQCPPLPLDPAGNLHRLHQVALEARGADVLVLPEMFMTGYNIGVDAVNVLAEVYNGEWAQQIGRIAKAANLAIVYGYPERGEDGQIYNAVQLIDAQGERLANYRKSHLFGDLDHAMFSAGDSALPIVELNGWKLGLLICYDLEFPENARRLALAGAELILVPTANMQPYEFIADVTVRARAIENQCFVAYANYCGHEAELQYCGQSSIAAPNGSRPALAGLDEALIVGELDRQLLDDSRAAYNYLHDRRPELYDDLHKH
80	WP_060740344	1.13.12.2	MNKNNRHPADGKKPITIFGPDFPFAFDDWIEHPAGLGSIPAHNHGTEVAIVGAGIAGLVAAYELMKLGLKPVVYEASKMGGRLRSQAFNGAEGVIAELGGMRFPVSSTAFYHYVDKLGLETKPFPNPLTPASGSTVIDLEGQTYYAQKLADLPALFQEVADAWADALEDGSRFGDIQQAIRDRDVPRLKELWNTLVPLWDDRTFYDFVATSKAFAKLSFQHREVFGQVGFGTGGWDSDFPNSMLEIFRVVMTNCDDHQHLVVGGVEQVPHGIWNHVPERCAHWPEGTSLNSLHLGAPRSGVKRIARSADGRFSVTDVWENTREYAAVLVTCQSWLLTTQIECEEALFSQKMWMALDRTRYMQSSKTFVMVDRPFWKDKDPETGRDLMSMTLTDRLTRGTYLFDNGDDKPGVICLSYSWMSDALKMLPHPVEKRVKLALDALKKIYPKVDIAARIIGDPITVSWEADPHFLGAFKGALPGHYRYNQRMYAHFMQDDMPAEQRGIFIAGDDVSWTPAWVEGAVQTSLNAVWGIMKHFGGETHAENPGPGDVFHEIGPIALPE
81	WP_060741122	3.5.2.5	VSADYPRDLIGYGNNPPHPQWPGNARIALSFVLNYEEGGERNVLHGDKESEAFLSEMVAAQPLQGERNMSMESLYEYGSRAGVWRVLKLFKAFDIPLTIFAVAMAAQRHPDVIRAMVAAGHEICSHGYRWIDYQYMDEAQEREHMLEAIRILTEITGERPLGWYTGRTGPNTRRLVMEEGGFLYDSDTYDDDLPYWEPNTPNGKPHLVIPYTLDTNDMRFTQVQGFNKGDDFFQYLKDAFDVLYAEGAEAPKMLSIGLHCRLIGRPARLASLKRFLEYVKGHEHVWFSRRVDIARHWQQAHPYQGASNPGASK
82	WP_060741243	3.1.1.15	MKWTAVTEHRAKLGEGPFWDAPTQALYWVDIAGKQALRLIGANVEIWQMPEHVSAFIPTQSGDALVTLSSGVYRLDLDSPGLEPRLTLLCMADPQPGNRANEARCDPQGQLWLGTMQNNIGAEGEDLPIEHRSGGLFRVGSDGRVLPLLRGLGIPNTLLWSPDGTTVYFGDSLDGTVYRHFIYPEGNLAPAEVWFGPHPRGGPDGSAMDARGYIWNARWDGSCLLRLTPDGQVDRVIELPVSRPTSCVFGGEDLKTLYITSAASPLGHPLDGAVLSMRVDVPGVACTRFAG
83	WP_060741989	4.2.1.25	MSDKKPSLRSAQWFGTADKNGFMYRSWMKNQGIADHQFHGKPIIGICNTWSELTPCNAHFRQIAEHVKRGVIEAGGFPVEFPVFSNGESNLRPTAMLTRNLASMDVEEAIRGNPIDGVVLLTGCDKTTPALLMGAASCDVPAIVVTGGPMLNGKHKGQDIGSGTVVWQLSEQVKAGTITIDDFLAAEGGMSRSAGTCNTMGTASTMACMAEALGTSLPHNAAIPAVDARRYVLAHMSGMRAVEMVREDLKLSKILTKEAFENAIRVNAAIGGSTNAVIHLKAIAGRIGVQLDLDDWTRIGRGMPTIVDLQPSGRFLMEEFYYAGGLPAVLRRLGEANLIPNPNALTVNGKSLGENTKDAPIYGQDEVIRTLDNPIRADGGICVLRGNLAPLGAVLKPSAATAELMQHRGRAVVFENFDEYKARINDPELDVDANSILVMKNCGPKGYPGMAEVGNMGLPAKLLAQGVTDMVRISDARMSGTAYGTVVLHVAPEAAAGGPLAAVKEGDWIELDCASGRLHLDIPDAELAARLADLAPPQQLLVGGYRQLYIDHVLQADQGCDFDFLVGCRGAEVPRHSH
84	WP_060741991	4.2.1.43	MRLVQFELSNGERRVGVVDGDQVREVQGAGSVRELALAAIEAGVKLEQQVDSLGLGTGHDYARLLGELRILPPLDHPDPAHLLVSGTGLTHLGSASARDKMHQQAGDEATMTDTMRIFKWGVEGGKPQAGQTGVQPEWFYKGDGSIVVRPGHPFPLPPFAEDAGEEPEISGLYVIGHDGKPYRLGFAVGNEFSDHVMERKNYLYLAHSKLRSCSFGPELRVGELPQHLSGTSRILRNGEVLWQNEFLSGEANMCHSLENLEFHHFKYSQFLRPGDVHVHFFGTATLSFADGIRTQPGDVFEISQAEFGAPLVNGIAPVDAVFNPGTIGTL
85	WP_063321224	1.3.8.1	MLATEEQTQIRDMARQFAEERLKPFAAEWDREHRFPREAIDEMAELGFFGMLVPEQWGGCDTGYLAYAMTLEEIAAGDGACSTIMSVHNSVGCVPILKFGNDEQKAKFLTPLASGAMLGAFALTEPQAGSDASSLKTRARLEGDHYVLNGCKQFITSGQNAGVVIVFAVTDPSAGKRGISAFIVPTDSPGYSVARVEDKLGQHASDTCQILFEDLKVPVGNRLGEEGEGYKIALANLEGGRVGIAAQAVGMARAAFEAARDYARERSSFGKPIIEHQAVAFRLADMATQIAVARQMVHYAAALRDSGQPALVEASMAKLFASEMAEKVCSMALQTLGGYGYLNDFPLERIYRDVRVCQIYEGTSDIQRMVISRNL
86	WP_063321988	4.3.1.9	MSSVIPNAGVEKGAATVGAHLLKDVSLPALVLHRAALEHNIRWMQAFVTDSGAELAPHGKTSMTPALFRRQLDAGAWGLTLASAVQTRAAYAHGVRRVLMANQLVGTPNMALIADLLADPAFEFHCMVDHPDNVADLGAFFASRGMKLNVMIEYGVVGGRCGCRTEAEVLALAEAIQAQPALALTGIEGYEGVIHGDHAISGIRAFAASLVRLAVQLQDNGAFAIDKPIITASGSAWYDLIAESFEAQNAHGRFLSVLRPGSYVAHDHGIYKEAQCCVLERRSDLHEGLRPALEVWAHVQSLPEPGFAVIALGKRDVAYDAGLPVPLKRYTPGSDSVTGDDVSGCKVTAVMDQHAFMNVAAGVELRVGDIISFGTSHPCLTFDKWRVGCLVDEQLRVVESMETCF
87	WP_063322430	2.6.1.57	MHFDAIGRVPGDPILGLMEAYGADANPSKFDLGVGVYKDAQGLTPILQSVKQAEQRLVDRQTTKTYIGGHGDAAFGQLINELVLGADSPLISAKRAGATQTPGGTGALRLSADFIAQCLPGRGVWLSNPTWPIHETIFAAAGVKVGHYPYVGADNRLDFEAMLATLNQAPKGDVVLLHACCHNPTGFDLSHEQWRQVLEVVRDRDLLPLIDFAYQGFGDGLEQDAWAVRLFAQALPEVLVTSSCSKNFGLYRDRTGALIVCARDAEKLVDIRSQLANIARNLWSTPPDHGAAVVATILGNPELKSLWADEVQAMRLRIAQLRSGLLEALEPHGLRERFAHIGVQRGMFSYTGLTPEQVKHLRERHSVYMVGTGRANVAGIDATRLDLLAEAIADACK
88	WP_014340747	6.3.1.11	VVRGKRIERTSLHKVYEKGINLPASLFALDINGSTVESTGLGLDIGDADRICYPIPDTLCNEPWQKRPTAQLLMTMHELEGEPFFADPREVLRQVVTKFDELGLTICAAFELEFYLIDQENVNGRPQPPRSPISGKRPHSTQVYLIDDLDEYVDCLQDILEGAKEQGIPADAIVKESAPAQFEVNLHHVADPIKACDYAVLLKRLIKNIAYDHEMDTTFMAKPYPGQAGNGLHVHISILDKDGKNIFASEDPEQNAALRHAIGGVLETLPAQMAFLCPNVNSYRRFGAQFYVPNSPTWGLDNRTVALRVPTGSADAVRLEHRVAGADANPYLLMASVLAGVHHGLVNKIEPGAPVEGNSYEQNEQSLPNNLRDALRELDDSEVMAKYIDPKYIDIFVACKESELEEFEHSISDLEYNWYLHTV
89	WP_086936699	3.5.1.94	MSRLPLIGVTTCSRQIGLHAYHISGEKYSRAVATAAKGLPVLIPSLADLFPPSDILDALDGILLTGSPSNVEPFHYQGPASAPGTAHDPARDATTLPLIRAAVDAGIPVLGICRGFQEMNVAFGGSLHQKVHEVGTFIDHREDDTQAVDVQYGPAHAVHIQPGGVLAGLGLPQRIEVNSIHSQGIERLAPGLRAEAVAPDGLIEAVSVPGGKAFALGVQWHPEWEVSSNPHYLAIFQAFGDACRARAAQRDADASNNA
90	WP_063323898	2.6.1.19	MTRNNPQTREWQALSNDHHLAPFSDFKQLKEKGPRIITHAKGVYLWDSEGNKILDGMAGLWCVAVGYGREELADAASQQMRELPYYNLFFQTAHPPVLELSKAIADIAPEGMNHVFFTGSGSEGNDTMLRMVRHYWAIKGQPNKKVIISRKNGYHGSTVAGASLGGMTYMHEQGDLPIPGIVHIAQPYWFGEGGDMSPEEFGVWAANQLEEKILELGVDNVGAFIAEPIQGAGGVIVPPDSYWPRMKEILAKYDILFVADEVICGFGRTGEWFGTDHYELKPHMMTIAKGLTSGYIPMGGLIVRDDVVAVLNEGGDFNHGFTYSGHPVAAAVALENIRILRDEKIIERVHSETAPYLQKRLRELNDHPLVGEVRGVGLLGAIELVQDKATRKRYEGKGVGMICRQFCFDNGLIMRAVGDTMIIAPPLVISKAEIDELVAKARQCLDLTLSALQG
91	WP_063324030	1.1.1.108	MPTLTTYQTRILPEWVDYNGHLRDAFYLLIFSYATDALMDRLGMDSQNREASGHSLFTLELHLNYLHEVKLDAQVEVHTHIIGHDAKRLHLYHSLHLVGGDKELAGNEQMLLHVDLAGPRSAPFTEQTLDRLSALLDEQSDLPPPLYIGRIIALPLPR
92	WP_063324031	1.1.1.108	MSFITDIKTFAALGSGVIGSGWISRALAHGLDVIAWDPAPGAEAALRKRVANAWGALEKQGLAPGASQDRLRFVATIEECVRDADFIQESAPERLELKLELHGQISAAAKPNALIGSSTSGLLPSEFYEGATHPERCVVGHPFNPVYLLPLVEVVGGKNTAPEAVQAAMQVYESLGMRPLHVRKEVPGFIADRLLEALWREALHLVNDGVATTGEIDDAIRFGAGLRWSFMGTFLTYTLAGGDAGMRHFMAQFGPALQLPWTYLPAPELTEKLIDDVVDGTSAQLGSHSISALERYRDDCLLAVLEAVKATKAKHGMAFSE
93	WP_063324926	1.1.1.48	MAEPLSLPPVPEPPKGERLKNKVVLLTGAAQGIGEAIVAAFASQQARLVISDIQAEKVETVAAHWRERGADVHALKADVSNQQDLHAMARHAVERHGRIDVLVNCAGVNVFRDPLEMTEEDWRRCFAIDLDGAWYGCKAVLPQMIEQGVGSIINIASTHSSHIIPGCFPYPVAKHGLLGLTRALGIEYAPKGVRVNAIAPGYIETQLNVDYWNGFADPYAERQRALDLHPPRRIGQPIEVAMTAVFLASDEAPFINASCITIDGGRSVMYHD
94	WP_063320756	4.2.1.43	MRLVQFELPNGERRVGVVDGDQVREVQGAASVRDLALAAIEAGVKLEEQVNSLGLGAGHDYARLLSELRILPPLDHPDPAHLLVSGTGLTHLGSASARDKMHQQAGDESAMTDTMRIFKWGVEGGKPQAGQAGVQPEWFYKGDGSIVVRPGHPFPLPPFAEDAGEEPEISGLYVIGHDGKPYRLGFAVGNEFSDHVMERKNYLYLAHSKLRSCSFGPELRVGELPQHLSGTSRILRNGEVLWQNEFLSGEANMCHSLENLEFHHFKYSQFLRPGDVHVHFFGTATLSFADGIRTQPGDVFEISQAEFGAPLVNGIAPVDAVFNPGTIGTL
95	WP_003280093	2.8.3.8	MAWTREQMAQRAAQELQDGFYVNLGIGLPTLVANYIPEGMDVWLQSENGLLGIGPFPTEEEIDPDLINAGKQTVTALPGSSFFDNAQSFAMIRGGHINLAILGAMQVSEKGDLANWMIPGKMVKGMGGAMDLVAGVKRVVVLMEHTAKGGAHKILPACDLPLTGLGVVDRIITDLGVLDVTEQGLKLVELAEGVSFDELQEATGSPIQR
96	WP_003294550	2.8.3.8	MNKIYPSAAHALEGLVEDGMTIAVGGFGLCGIPEQLIAALRDSGKKDLTAISNNAGVDGFGLGLLLETRQISKMVSSYVGENKEFERQYLAGELALEFTPQGTLAEKLRAGGAGIPAFYTKTGYGTLVAEGKETRQFNGEWYVMEESLTADLALVKAWKADKAGNLLFRKTARNFNPLAAMAGEVCVVEVEEIVETGELDPDQIHLPGIYVHRIVHNPNPEKRIEKRTVRS
97	WP_015277224	1.3.8.1	MHDLELSEDQRMIRDMARDFARREIAPHAQAWEKAGWIDDTLVAQMGELGLLGMVVPEEWGGSYIDYVAYALAVEEISAGDGATGALMSIHNSVGCGPVLNYGSQAQKDEWLTELASGRAIGCFALTEPQAGSEAHNLRTRAELVDGHWVLNGSKQFCSNAKRSKLAIVFAVTDPELGKKGLSAFLVPTDTPGFAVERSEHKMGIRASDTCGVSLSDCRIPEANLLGERGKGLAIALSNLEGGRIGIGAQALGIARAAFEAALLYARERVQFGKPIAEHQSIANMLADMQTQLNAARLLILHAARLKSAGLPCLSEASQAKLFASEMAEKVCSQAVQIHGGYGYLEDYPVERYYRDARITQIYEGSSEIQRLLIARELANYAL
98	WP_015277229	1.3.8.1	MLPNEDQNAIAEMARQFAQERLKPFAEQWSREHRYPAEAIGEMAALGFFGMLVPEQWGGSDTGYLAYAMALEEIAAGDGACSTIMSVHNSVGCVPILRFGNEQQKSDFLTPLARGEQIGAFALTEPQAGSDASSLRTRARRDGDHYVLNGAKQFITSGKHAGTVIVFAVTDPDAGKGGISAFIVPTDSPGYQVVRVEDKLGQHASDTCQIAFEDLRVPVANRLGEEGEGYRIALANLEGGRIGIAAQAVGMARAAFEAARDYARDRETFGKPIIEHQAVAFRLADMATQIAVARQMVHHAAALREVGRPALVEASMAKLFASEMAEKVCSAAIQTLGGYGYLADFPVERIYRDVRVCQIYEGTSDIQRLVISRNLGGPV
99	WP_015278222	3.7.1.2	MKLATLNQGRDGVLVVVSRDLAQAVKVPQIAATLQAALDDWNYCKPKLEAVYQRLNDGLEEGAFAFDQTACHSPLPRAYHWADGSAYVNHVELVRKARGAEMPESFWHDPLMYQGGADAFIPPHSPIRLADEAWGIDLEGELAVITDDVPMGATPAEAASHIQLLMLVNDVSLRNLIPGELAKGFGFYQSKPSSSFSPVAVTPDELGETWRDGKVHRPLVSHINGELFGQPDAGTDMTFNFPTLVAHAARTRPLGAGTIIGSGTVSNYDRSAGSSCLAEKRMLEVVEHGEAKTPFLKFGDRVRIEMFDAAGQSIFGAIDQQVERYGH
100	WP_015278495	1.1.3.15	MQTNLSEAAKKLPRAEEAESILRSCVHCGFCNATCPTYQLLGDELDGPRGRIYLMKQMFEGGEVTESTQLHLDRCLTCRNCETTCPSGVKYHNLLDIGRDFIEQQVQRPLGERVVRGGLRTVIPRPGLFKALLGAGNALKPLMPASLKDHLPREIRPAKPRPQVMHSRRVLILEGCVQPSLSPSTNAAAARVLDRLGISVSPAREAGCCGAVDYHLNAQDAGLDRARRNIDAWWPAIEAGAEAIVQTASGCGAFVKEYGHLLKDDPAYAAKAARVSELAKDLVEVLRSAELEKLNVRADKRMAFHCPCTLQHAQKLGGAVEDVLTRLGYQLTAVPDAHLCCGSAGSYSITQPEISHQLRDNKLNALESGKPEVIVTANIGCQTHLDGAGRTPVKHWIEVVEESMQ
101	WP_015278496	1.1.3.15	MSVIANDASAQLLDQVNQALAANTPLRIQGSGSKSFLGLQADGVLLDTREHRGIVSYDPTELVVTVRAGTPLTELETALDEAGQMLPCEPPHFGEGATVGGMIAAGLSGPRRPWSGSVRDFVLGSRVITGQGKHLRFGGEVMKNVAGYDLSRLMAGSFGCLGVLTEVSLKVLPKPRLCTSLRLEIDLERALLKLAEWGQQPIPISAASHDGQALHLRLEGGEGSVGAARERIGGEDLDPGYWNDLREQRLAFFADPRPLWRLSLPNNTPALGLPGDQLVDWAGAQRWLKSDADAVTIRGIAIEVGGHATCFTAGATTNPFQPLAAPLLRYHRQLKAALDPQGIFNPGRMYSEV
102	WP_015278497	1.1.3.15	MNILYDERVDGALPKVDKAALLAELQAQLPDLDILHRSEDLKPYECDGLSAYRTTPLLVVLPERIEQVETLLKLCHQRGVPVVARGAGTGLSGGALPLEQGILLVMARFNKILEVDPAGRFARVQPGVRNLAISQAAAPYELYYAPDPSSQIACSIGGNVAENAGGVHCLKYGLTVHNLLKVDILTVEGERMTLGSDALDSPGFDLLALFTGSEGMLGIVTEVTVKLLPKPQVAKVLLAAFDSVEKAGRAVGDIIAAGIIPGGLEMMDNLSIRAAEDFIHAGYPVDAEAILLCELDGVEADVHDDCARVSEVLKLAGATEVRLAKDEAERVRFWAGRKNAFPAVGRISPDYYCMDGTIPRRELPGVLKGISDLSEQFGLRVANVFHAGDGNMHPLILFDANQPGELERAEDLGGKILELCVKVGGSITGEHGVGREKINQMCSQFNADELTLFHAVKAAFDPSGLLNPGKNIPTLHRCAEFGRMHIHNGQLPFPELERF
103	WP_015275423	1.3.8.7	MADYQAPLRDMRFVLNEVFDAPKLWQALPALAEVVDAETADAILEEAGKITANSIAPLNRSGDEEGCRWDAGAVSTPAGYREAYQLYAKGGWVGVGGDPAFGGMGMPKVISAQVEEMMNSASLAFGLYPMLTSGACLSIYAHASEELKQKYLPNMYAGVWSGSMCLTEPHAGTDLGIIRTKAEPQADGSYKVSGTKIFITGGEHDLTENIIHLVLAKLPDAPAGSRGISLFLVPKVMVNEDGSLGERNSLSCGSIEHKMGIQASATCVMNFDGAVGWMVGEPNKGLAAMFTMMNYERLGVGIQGLATGERSYQSAIEYARDRIQSRAPTGPVAQDKAADPIIVHPDVRRMLLTMKALNEGGRAFSSYVALQLDIAKFSDDDEARQRAEAQVALLTPVAKAFLTDMGLETTVHGQQVFGGHGFIREWGQEQLVRDCRITQIYEGTNGIQALDLVGRKIVGSGGTMYQAFVDEIRAFIADAGPELTEFAEPLKAAMDNLDELTAWVIDQAKANPNEIGAASVEYLHVFGYTAYAYMWARMAAVAVAKREEGDFYQSKLGTARFYFARLLPRIHSLSASVKAGSESLYLLDAAQF
104	WP_015275719	2.6.1.57	MHFGQIPRVPGDPILGLMDLYRADPNPAKLDLGVGVYKDAQGLTPIPRAVKLAEQRLVDGEQSKSYIGGHGDAQFGALLLRQALGSRAIALGEQRAGCTQAPGGTGALRLAGEFIAKCLPGRSIWLSDPTWPIHETLFAAAGLRVQHYPYVGADNRLDVEGMLAALQQVPPGDVVLLHACCHNPTGFDLNHDDWLRVLEVVRARELLPLFDFAYQGFGDGLEEDAWAVRLFAETLPEMLITTSCSKNFGLYRERTGALIAVTSDAERLLDVRSQLASLARNLWSTPPAHGAAVVATILADEPLRQIWQGEVERMRRRIASLRQGLVEALMPYGLAERFAHIAQQRGMFSYTGLTAEQVRRLRAEDSVYLVESGRANVAGLDAERLDALAKAIARVVSN
105	WP_011864920	2.7.1.59	MGFNQTEEQALVIGIDGGGSKCRATIYAADDSVLGTGVAGRANPLYGLTHTFDSISRATELALQDAGLKAGDGKTMVAGVGLAGVNVAHLYQAIKAWQHPFAEMYVTTDLHTACIGAHKGGDGAVIITGTGSCGYAHVGEQSLSLGGHGFALGDKGSGAWLGLQAAQQVLLDLDGFGPATQLTERLLEHFKVNDAMGIVEHLAGKSSGCYATLARTVLSCAQAQDEVAKAIVVEGAEYISALAHKLFEIHPPRFSMIGGLAEPLAPWLDKRVVDKISPILAPPELGAAYFARQQLGFSS
106	WP_011758678	5.3.1.7	MKFYNRDFLLSHSQSILDFYDPRVLDASGGYFHNYYDDGSLFEPGFRQLVSSCRITVNYARAADILDKPEYLAHARHGLNYLLNVHLQADERFAWTLKSHRPEDMTQQAYGYAFALLAFAACRKSGILKDNNKLLWIYNLLEQRFWQPEYGLYADEIGADGVLSDYRGQNANMHLCEAMIAAFEASGEGRFLDRAMEIADKIANRQAALTGGIIWEHFTPGFAINWEYNKDDPKNLYRPWGFQGGHQTEWAKLLLSLARHSHQPWLISRAKTLFDTAFEKSWDKEHGGMVYGFGPNGDWCDDDKYFWVQAESFAAAAMLYQQTGEQKYLDAYNALWNYAWQHFVDHEHGAWFRVLYRDNRKYSNEKSTAGAKCDYHTLGACFDSLRDLT
107	WP_011759060	2.7.1.59	MAFDQTLEGQLYLGIDGGGSKCRATLYNNKLDVLGTGVAGRANPLFGLEQTFESILASTEMALRDAGLSLNDASLLVAGLGLAGVNVPRLLADVQAWQHPFKTMYVTSDLHTACIGAHQGGDGAVIITGTGSCGYVHVGDESLSLGGHGFALGDKGSGAWLGLRAAEHVLLQLDGFAEPTALTERLFANLGVSDALGIVENLAGRSSSCYATLAREVFAAADEGDKVAVGILREGAAYISEMARKLFTLEPARFSMIGGLAEPLQKWLDADVVARLEPSLAAPETGAVLFAIQQHNKQSAA
108	WP_011759520	2.7.1.2	MYRSGIDLGGTKIELVTLNEKGEEVFRKRVPTPKDYRATLEAVAGLVHDSEKETGQVSSVGIGIPGVVSAVTGRVKNSNAVWLNGQPMDKDLGAMLGREVRIANDANCFAVSESVDGGGAGKTLVFGAILGTGCGAGIAINHKVHGGGNGIGGEWGHNPLPWMTADEFNSTRCFCGNADCIETFVSGTGFVRDFRAHGGEAASGIEIVALMGKGEPLAEAAFGRFIDRLARALAHVINLLDPDVIVLGGGVSNIDEIYEYLPALLPKYVLGGECATKVVKNHHGASSGVRGAAWLWAPGEQAALPGLQEL
109	WP_011760212	3.1.3.5	MKNIICDIDGVLLHDNKLVPGSDKFIHRVLEQGNPLVILTNYPVQTGKDLQNRLDAAGINVPEECFYTAAMATADFLKHQEGSKAFVIGEGALTHELYKAGFTITDINPDFVIVGETRSYNWDMIHKAARFVADGARFIATNPDTHGPAFSPACGALCAPIERITGRKPFYVGKPSSWIVRSALNHINGHSENTVIIGDNMRTDILAGFQAGLETILVLTGVSRLEDIEKEPFRPNHVFNCAGDIDIF
110	WP_011760344	2.7.1.2	MMRMGVDLGGTKIELVALGEDGSELFRKRIATPREYQGTLNAVVTLVNEAEATLGTQGSLGIGIPGVISPYTGLVKNANSTWINGHPLDRDLGALLNREVRVANDANCFAVSEAVDGAAAGKRVVFGAILGTGCGAGLAFDGRVHEGGNGIGGEWGHNPLPWMRPDEFNTTECFCGNKDCIETFVSGTGFVRDFRNSGGTAQNGAEIMSLVDAGDELANLVFDRYLDRLARSLAHVINMLDPDAIVLGGGMSNVQAIYARLPAILPKYVVGRECRTPVVQNLYGCSSGVRGAAWLWEKR
111	WP_011760751	2.6.1.19	MQQQQQDTISALQAMDAAHHLHPFTDSADLAKRGTRVIERAEGVYIWDAKGNKLLDAMAGLWCVNVGYGRKSIADAAYAQLQTLPFYNNFFQCTHEPAIRLASKIASLAPGHMNRVFFTGSGSEANDTNLRMVRRYWDLKGMPSKKTIISRKNAYHGSTVAGASLGGMGFMHQQGDLPIPGIVHIDQPYWFGEGRDMSPEAFGIKTAQALEAKILELGEDKVAAFIAEPFQGAGGVIIPPDSYWNEIKRILEKYNILFILDEVISGFGRTGNWFAAQTLGLKPDLITIAKGMTSGYIPMGGVIVSDRVADVLISDGGEFAHGFTYSGHPVAAAVALENIRILEEERLVDKVRTDTGPYLQDRLQTLSAHPLVGEVRGMGMVGAIELVADKHSMVRFGSEISAGMLCREACIESGLVMRAVGDTMIISPPLCITRDEIDELIFKASQALSLTLEKIAARGN
112	WP_011760753	3.5.1.94	MSDATIPLIGVSACNTPIGLQTFNTVGEKYLLGVINGTGGWPLIIPSIGDGMPTELLLERLDGILFTGSPSNVEPHHYSGPASEPGTHHDPRRDATTLPLIKAAIAAGVPVLGICRGFQEMNVAFGGSLHQKLHETGVFEEHREDRTAPLEVQYGLAHTVTLEPGGVIFEAWGRSSAEVNSVHTQGVERLGNGLRPEAYAPDGLIEAFSVTDAKNFALGVQFHPEWKVADNAFYLSIFNAFGDACRRRAQERAR
113	NP_436855	1.1.99.13	MPQITRRMTLSINAIVWGENIHEQTNAVVREIYPDGMHNTIAAALNSDPGIDATTATLQEPEHGLSETRLAAADVLLWWGHKDHGAVDDAIVERVAKRVWEGMGLIVLHSGHFSKVFKRLMGTPCALKWREAGERERVWVVNPRHPIAEGLGENFVIENEEMYGEQFSVPEPLETVFISWFAGGEVFRSGLTWRRGAGNIFYFRPGHETYPTYHDATVHKVLRNAVKWAYNPQGTYKAIHDAPNVPVEKALEPIVERGPRLHRAGEAGYR
114	NP_436856	1.1.99.13	MKGTPMRLLILGTGGMANSHAKAFAEIEGVEMVGAVDVDPSRAKAFAVTHGIENTFTSLDDAIAWGEFDAATNVTPDKAHHPTTLALIAAGKHVLCEKPLAENYEKAAEMAAAAERAGLVTMVNLTYRNVAPLQKARELVVAGEIGRVRHLEASYLQSWLVSRAWGDWASESKWLWRLSTKHGSNGVLGDVGIHILDFAGYGANSSVERVFARLKAFDKAPDNRIGEYDLDANDSFAMTAEFENGAMAVIHASRWATGHLNELRLRLHGDRGALEVIHTPDGSSLRGCMGPDVEKAVWRTVDAGTVPTNYQRFVEAVKAGRTVEPGFRHAADLQRVLDLAIETERSRRELGVPDIDAVVQERAVG
115	NP_437724	4.2.1.25	MKKKAEWPRKLRSQEWFGGTGKNAIMHRSWMKNQGLPADTFDGRPIIGICNTWSELTPCNAHLRDLAERVKRGVYEAGGFPVEFPVFSTGESTLRPTAMMFRNLAAMDVEESIRGNPVDGVVLLGGCDKTTPSLLMGAASVDIPAIVVSGGPMLNGKWRGKDVGSGTAIWQFSEMVKSGEMSLEEFMDAEQGMARSAGSCMTMGTASTMASMAEALGMTLSGNAAIPAVDARRRVISQLTGRRIVEMVKEDLKPSDILTKEAFENAIRVNGAVGGSTNAVLHLLALAGRVGVDLSLDDWDRLGRDVPTIVNLQPSGKYLMEEFYYAGGLPVVIKAVAEMGLLHNDAITVSGDTIWNDVKGVVNYNEDVILPREKALTKSGGIAVLRGNLAPRGAVLKPSAASPHLMQHKGRAVVFESIEDYHARINREDLDIDETCIMVLKYCGPKGYPGMAEVGNMGLPPKVLKKGITDMIRISDARMSGTAYGTVILHTAPEAAEGGPLALVENGDLIEVDIPNRTLHLHVSDEELARRRAAWVSPVKPLTGGYGGLYIKTVMQADAGADLDFLVGARGSVVERDSH
116	NP_437725	1.2.1.26	MTLHQNLIAGEWVGGDGVANINPSNTDDVVGEYARASAEDAKAAIAAAKAAFPAWSRSGILERHAILKKTADEILARKDELGRLLSREEGKTLAEGIGETVRAGQIFEFFAGETLRLAGEVVPSVRPGIGVEITREPAGVVGIITPWNFPIAIPAWKLAPALCYGNTIVFKPAELVPGCSWAIVDILHRAGLPKGVLNLVMGKGSVVGQAMLDSPDVQAITFTGSTATGKRVAVASVEHNRKYQLEMGGKNPFVVLDDADLSVAVEAAVNSAFFSTGQRCTASSRIIVTEGIHDRFVAAMGERIKGLVVDDALKPGTHIGPVVDQSQLNQDTDYIAIGKQEGAKLAFGGEVISRDTPGFYLQPALFTEATNEMRISREEIFGPVAAVIRVKDYDEALAVANDTPFGLSSGIATTSLKHATHFKRNAEAGMVMVNLPTAGVDFHVPFGGRKASSYGPREQGKYAAEFYTNVKTAYTLA
117	NP_437726	4.2.1.43	MLISQVRKEDGSVIVAVRAPGETARAVRGAESVYALAMEAANSRRSLRDVVDAKGFGETIDLEEAYSQGRLLSPITHPDPAHLHLTGTGLTHLGSAATRDAMHKKATEATEETLTDSMKMFRMGLEGGKPKSGEKGVQPEWFYKGNGTTAVAPGEPLVSPSFAEDGGEEPEMAGIYVISDKGVPFRLGFAVANEFSDHKTERVNYLWLAHSKLRQASFGPEIRIGAAPEDIRGASRILRGGKVLWEKPFLSGEANMSHSFANLEYHHFKYGLFRAPGDIHVHMFGTATLSFGDGIRTEEGDVFEIEAKEFGLPLRNPLAIAAEEEVAVHQL
118	NP_437227	5.1.3.29	MQRMGMVIGLEPSKIAEYKRLHAAVWPEILALISECNITNYSIFLKEPENLLFGYWEYVGEDFEADMTKMAAHPKNQEWWSVCMPCQKPLESRRQGEWWAMMEEVFHHD
119	NP_437228	1.1.1.122	MTETFDPSSLRQWWPKPVAPRPIVIFGAGSIVGDAHLPAYRNAGFPVAGIFDPDAGKAAALARASDVMAFTSEEEALSAENAIFDLATPPAAHASILSKLPKGSFALIQKPLGSDLAAATGILEICRERNIRAAANFQLRFAPMMLALKDAIATGYLGEVVDFDAWLALATPWGLWPFLKGLPRIEIAMHSIHYLDLVRSLLGDPRGVHAKTIGHPNHDVAQTRTAAILDYGDAVRCVLSVNHDHDFGRRFQACEFRICGTRGAAYVKLGVNLDYPRGEPDELWIRPAGGADWIQVPLEGSWFPDAFANRMANLQRHAGGEDDELIGSVEDAWRTMALVEAAYQSSARPATPIAALPLEN
120	NP_437492	2.7.1.101	MHKILTIGEILVEIIATEKGDGFRKATPLIGPFPSGAPAIFIDQAGKLGQPCAIISRVGGDDFGTVNLERLKRDGVDISGIEVDPLATTGSAFVRYRPDGSRAFVFNIRDSACGKITLDERMTRLVGECSHVHVMGSSLYAPSVVESILAAIGIVKAGGGTVSFDPNLRPEILKSPGMREALLTVLAETDLFLPSGDELFLFTEAKTESQAVAELLASGIKAVVVKRGAAGASYFDAGAALSLPGFPVEEIDPTGAGDCFGATFVSFWLNGASPREALEFAAASGARAVMHFGPMEGASTRAELERFISEQQA
121	NP_385263	1.1.1.48	MSPINIAIVGVGKIVRDQHLPALAKNADYRLIAAASRHGTVDGIDNFKSIEAMIDAVPAVEAVSLCMPPQYRYEAARTALAAGKHVFLEKPPGATLSEVADLEALAEEKGVSLFASWHSRYAPAVEAAKTFLASAAIRNVRIIWKEDVRHWHPNQEWIWAAGGLGVFDPGINALSIMTHILPRPVFITSATLEFPENRDAPIAATIAFSDAEKLDVAAEFDWRQTGKQSWDIVAETDAGGMVLSEGGAKLAIDGKIVHEEPEQEYPMLYRRFAEIIKAGRSDVDLAPLRHVADAFMLGRRKFVEAFHD
122	NP_384883	1.1.3.15	MPETIGFLKPRQAVLDRRREIVADLADLLPEGGLISDERGLKPFETDAFIAYRRMPLAVVLPETTEHVAAVLKYCSRYGIPIVPRGAGTSLSGGAIPQEDAIVVGLSKMSRTLDIDLFNRTATVQAGVTNLNISDAVSADGFFYAPDPSSQLACTIGGNIGMNSGGAHCLKYGVTTNNLLGVKMVLFDGTVIELGGKALDAPGYDLLGLVCGSEGQLGIVTEATVRLIAKPEGARPVLFGFASSESAGSCVADIIGSGIIPVAIEFMDRPAIEICEAFAQAGYPLDVEALLIVEVEGSEAEMDATLAGIIEIARRHGVMTIRESQSALEAALIWKGRKSAFGATGRIADYICMDGTVPLSQLSHVLRRTGEIVAGYGLRVANVFHAGDGNMHPLILYNINDPEEAARAEAAGNDILKLCVEAGGCLTGEHGVGIEKRDLMLHQYSRADLGQQMAARAAFDPQWLMNPSKVFPLEGRPAA
123	NP_384884	1.1.3.15	MIVHFEPASEEGIASVVRSAAAERVTLAVVGGGTRAGLGNPVRADRTLSTRRLSGIVTYDPAEMTMSALAGTPVAEVEAALHAKGQMLSFEPMDHRPIFATTGEPTIGGVFAANVSGPRRYVAGAARDSLLGVRFVNGRGEPIKAGGRVMKNVTGLDLVKLMAGSYGTLGILTEVTFKVLPLPPAAATVVVSGLNDAEAAAVMAEAMAQPVEVSGASHLPESVRSRFLDGALPDGAATVLRLEGLAASVAIRAEKLGEKLSRFGRISQLDEAQTRTLWAEIRDVKPYADGTRRPLWRISVAPSAGHQLVAALRLQTGVDAFYDWQGGLVWLRMEADPEAELLRRYIGAVGGGHAALLRAGEEARGRIPAFEPQPPAVARLSERIRAQFDPSGIFNPGRAAALVRN
124	NP_384885	1.1.3.15	MIQRPQGATWSTRLQTNFSPEQLADPHVAESETILRKCVHCGFCTATCPTYVVLGDELDSPRGRIYLIKDMLENGRAADSETVTHIDRCLSCLSCLTTCPSGVDYMHLVDHARAHIEKTYKRPFKDRLARSVIAATLPYPSRFRLALGAAGLARPLAGLLKRVPFLRTLGVMLDLAPSALPAARGAKPAVYAAKGTPRARVALLTGCAQPVLRPEINDATIRLLTGQGVEVVVSAGEGCCGALVHHMGRDEQALQAGRHNIDVWLKAAEEDGLDAIIITASGCGTTIKDYGHMLRLDPAYAEKAARVSALAKDVTEYLATLDLPEQGARNLTVAYHSACSMQHGQKITSAPKQLLKRAGFSVREPAEGHLCCGSAGTYNILQPEISAKLKARKVRNIEATKPEVIATGNIGCITQIASGTEIPILHTVELLDWAYGGPKPAGL
125	NP_384521	3.2.2.3	MSSARKIIIDTDPGQDDAAAIMLALGSPEEIEVLGITAVAGNVPLTLTARNARIVCELCNRTDVKIFAGAERPVARPLVTAEHVHGKTGLDGPALDEPTMPLQEQHAVDFIVETLRAEAPGAVTLCTLGPLTNIALALTKAPEIAPSVRELVMMGGGFFEGGNITPAAEFNIYVDPEAAEIVFRSGIPIVMMPLDVTHRVLTRKTRVEKIRAIGSPAAVALAEMLEFFERFDIEKYGTDGGPLHDPTVIAYILRPELFTGRDCNVEIETASPLTTGMTVVDWWQVTGRAHNAKVMRHIDDEGFFELLAERLARI
126	NP_384733	5.3.1.14	MTLMISTSVLDAENASRRDALTRDYESLGDRLARRGIDIDAVKAKVAAYGVAVPSWGVGTGGTRFARFPGPGEPRNIFDKLEDCAVIQQLTRATPAVSLHIPWDKVSDLGALKEKGSALGLSFDAMNSNTFSDAPGQAHSYKFGSLSHTDSATRRQAIEHNLECVEIGKALGSKALTVWVGDGSNFPGQSNFTRAFERYLDSMKAVYAALPDDWRIFTEHKMFEPAFYSTVVQDWGTNYLIAQELGPKAFCLVDLGHHAPNVNIEMIVARLIQFKKLGGFHFNDSKYGDDDLDTGSIDPYRLFLVFNELVDAETRAANGFDPAHMLDQSHNVTDPIESLMTSAMEVGRAYAQALIVDRKALAGYQEENDALMASETLKTAFRTDVEPILATARLENDGAIAPVAAYRASGYRARVAAERPAVAGGGGGIV
127	NP_384734	4.1.2.19	MLDKHQGARLANLWDDGKAAGMTEPEKLLYRSNLLGSDKRITNYGGGNTSAKVMEKDPLTGEIVEVLWVKGSGGDVGTIKMDGFSTLYMDKLRALKGIYRGVEFEDEMVGYLPHCTFNLNPRAASIDTPLHAYVPKPHVDHMHPDAIIAIAASKNSRELTSKIFGDEIGWLPWKRPGYELGLWLEKFCQENPDARGVVLESHGLFTWGDTAKEAYETTIEIINRAIAWFETENTGPAFGGRSKPVLAAADRAAIAKKLMPVIRGLISAGESKVGHFDDSQAVLDFVTSTSLEPLAALGTSCPDHFLRTKIRPLVVDFDPAQPDVGNTLAGLPEAIATYRADYAAYYERCKRADSPAMRDPNAVVYLVPGVGMITFAKDKATARISAEFYVNAINVMRGASGVSTYVGLPEQEAFDIEYWLLEEAKLQRMPKPKSLAGRIALVTGGAGGIGKATANRLMQEGACVVLADIDETALEAAQTELSTRYGKDFVRSVNMNVTSEAAVESGFGDALLAFGGLDILVSNAGLATSAAVEDTTLALWNKNMDILATGYFLVSREAFRIFRNQKAGGNVVFVASKNGLAASPGASAYCTAKAAEIHLARCLALEGASAQIRVNVVNPDAVLRGSKIWTGEWKEQRAAAYKMDVDELEAHYRERSMLKLSVFPEDIAEAIYFLASDMSAKSTGNIVNVDAGNAQSFTR
128	NP_384124	4.2.1.5	MPAPSSILLSPDDNVVVATAAIAPGDRLAGGVSAVARIEPGHKAAIRRIDVGEPVVKYGQAIGRATSPIAPGEHVHSHNLAFDQGRLAVGAAVPPEAASEADKARTFLGYRRADGRAATRNYIGIVASVNCSTTVCRAIADEANRRILPKYEGIDGFVPIVHDQGCGMSSTGDGMKNLHRTLAGYARHANFGGVLMVGLGCEVNQLTLYGQSGAGAEKRHFNIQEAGGSRRSVERALGILDEIAKEVAAARRVPIPVSEIIVGLQCGGSDGLSGITANPALGAAVDILAAAGGTAILSETSEIYGAEHLLRSRAVNETVAVKLDGLIAWWEDYVAMHGASLDNNPSPGNKRGGLTTILEKSLGAVAKGGRSPLTAVYNYAERVTEPGLVFMDTPGYDPVSATGQVAGGANVIAFTTGRGSCFGCRPAPSIKLTSNTALYRAMEEDMDIDCGVIASGETTIADLGRGIFELIIETASGRKTKSELFGYGDNEFVPWHLGATL
129	NP_384306	2.7.1.59	MTFYLIGIDGGGTSCRAAVAALDGRILGRGKAGAANILTDPETALQNITDAARDAFGDAGLDPAGIGASRAIVGVAGHNVGDAVHYVKRRLPFAQADIESDGLIALQGALGDGDGAVAILGTGTIYIARRGDEVSYVGGWGFTIGDHGSGARIGHALLQESLLAYDGIHQGSGVTDAVLAEFNDDPRDIVDFARLAKPGEFGRYAPRVFEFAERGDPVAISLLKAAAATVDEALDVVVSRGSEKLCLLGGLAPLYRRWLADRHQPRFVEARADALTGAVALAAARFGSHSGVSA
130	NP_384741	2.7.1.5	MMMKTVAVIDIGKTNAKVALVDLERFEEIAVRKSGNGVSDDGPYPHFDTERLWRFVLDSLAALHREHPVDAISVTTHGATAVLLDEAGELALPVLDYEFTGPDALAEEYEKARPPFTETGSARLPMGLNVGAQLFWQQRMFPEHFARVATILTYAQYWSYRLTGVRTNELTSLGCHTDLWNPKAATFSSMVDEQGWRHLFAPVRRAGDVLGPLLRQVADETGLPPETPVHCGIHDSNASLLPHLITRQAPFSVASTGTWVVMLAVGAEPVKLDERRDTLINVNALGDPVPSARFMGGRAYSLLIGDDPPTASPEAEASVLEQGHMLLPSLPGGSGPFPAARPHWTADEDKLAPAERLAVVSFHLALMTATCLDLIGARGEILVEGPFALNDAYLRMLAAATGRPVLANRLNSTGTSLGAACLVAGARVRTGAEAIPAAKPDAYAAYAEAWRRRTAAHVRSDP
131	NP_387397	2.6.1.39	MTINATVKEAGFQPASRISSIGVSEILKIGARAAAMKREGKPVIILGAGEPDFDTPEHVKQAASDAIHRGETKYTALDGTPELKKAIREKFQRENGLAYELDEITVATGAKQILFNAMMASLDPGDEVIIPTPYWTSYSDIVHICEGKPVLIACDASSGFRLTAEKLEAAITPRTRWVLLNSPSNPSGAAYSAADYRPLLEVLLRHPHVWLLVDDMYEHIVYDGFRFVTPAQLEPGLKNRTLTVNGVSKAYAMTGWRIGYAGGPRELIKAMAVVQSQATSCPSSISQAASVAALNGPQDFLKERTESFQRRRDLVVNGLNAIDGLDCRVPEGAFYTFSGCAGVLGKVTPSGKRIKTDTDFCAYLLEDAHVAVVPGSAFGLSPFFRISYATSEAELKEALERIAAACDRLS
132	WP_010211220	4.2.1.25	MPDKKPGLRSAQWFGTADKNGFMYRSWMKNQGIADHQFHGKPIIGICNTWSELTPCNAHFRQIAEHVKRGVIEAGGFPVEFPVFSNGESNLRPTAMLTRNLASMDVEEAIRGNPIDGVVLLTGCDKTTPALLMGAASCDVPAIVVTGGPMLNGKHKGQDIGSGTVVWQLSEQVKAGTITLDDFLAAEGGMSRSAGTCNTMGTASTMACMAEALGTSLPHNAAIPAVDARRYVLAHMSGMRAVEMVREDLKLSKILTKEAFENAIRVNAAIGGSTNAVIHLKAIAGRIGVELDLDDWTRIGRGMPTIVDLQPSGRFLMEEFYYAGGLPAVLRRLGEANLIPHPNALTVNGKSLGENTQDSPIYGQDEVIRTLDNPIRADGGICVLRGNLAPLGAVLKPSAASPALMQHRGRAVVFENFDMYKARINDPELDVDANSILVMKNCGPKGYPGMAEVGNMGLPAKLLAQGVTDMVRISDARMSGTAYGTVVLHVAPEAAAGGPLATVKEGDWIELDCANGRLHLDIPDAELAARMADLAPPQKLIVGGYRQLYIDHVLQADQGCDFDFLVGCRGAEVPRHSH
133	WP_010211217	1.2.1.26	MTSFLGHNYIGGQRSANGSVTLQSVDATSGEALPQHFYQATPQEVDAAAKAAAQAYPAYRALSAARRAQFLDAVADELDALGDEFVELVCRETALPAARIKGERGRTSGQMRLFATVLRRGDFYGARIDKALPDRQPMPRPDLRQYRIGLGPVAVFGASNFPLAFSTAGGDTAAALAAGCPVVFKAHSGHMATAERVADAIIRAAEATEMPAGVFNMIFGGGVGEALVKHPAIQAVGFTGSLKGGRALCDMAAARPQPIPVFAEMSSINPVIVLPQALKARAESVARDLTASVVQGCGQFCTNPGLVIGVASPEFTAFTQQVAQLIGDQPAQTMLNAGTLSSYGKGLEKLLAHPGIQHLAGSQQAGNQAQPQLFKADVRLLIDGDEVLQEEVFGPTTVFVEVADQAQLSAALHGLHGQLTATIIGEPADLQQFAELTPLLEQKVGRILLNGYPTGVEVCDSMVHGGPYPATSDARGTSVGTLAIDRFLRPVCFQNYPDSLLPDALKNANPLRIQRLVDGTPSRDPL
134	WP_010211216	3.1.1.15	MSCIAVTPHRAQLGEGPFWDAPTQALYWVNIAGKQALRLMGGQLQVWQLPEHVSAFIPCESGDALVTLSSGVYRLDLATEALTLLCVADPQPGNRGNEARCDASGRLWLGTMQNNIGEQGEDLPITRRSGGLFRIDADAQVTPLLSGLGIPNTLLWSDDGRHVHFGDSLDGTLYRHAIQPDGQLDPAQTWFGPHERGGPDGSAMDVDGYIWNARWDGSCLLRLTPDGEVDRIVELPVSRPTSCVLGGPNLTTLYITSAASPLDHPLDGAVLAMEVDVPGKPCHRFAG
135	WP_010210955	4.3.1.9	MSAINAVEKGAAAVGAHLVRDVSLPALVLHRDALEHNIRWMQDFVSNSGAELAPHGKTSMMPALFQRQIEAGAWGITLANAVQTRAAYAGGVRRVLMANQLVGAPNMALIADLLADKDFDFHCMVDHPDNVADLGLFFAARGLRLNVMIEYGVVGGRCGCRTEQEVRDLARAIKAQPALALTGIEGYEGVIHGEHAISGIRDFAASLVRLAVDLQNNGSFDLPKPIVTASGSAWYDLIAESFEQQNAAGRFLSVLRPGSYVAHDHGIYKEAQCCVLDRRSDLNEGLRPALEVWAHVQSLPEPGFAVIALGKRDVAYDAGLPVPLKRYKAGILPAEGDDVTACKVTAVMDQHAFMTVAPGVELRIGDIISFGTSHPCLTFDKWQVGCLVDEQLQVIESLETRF
136	WP_010210414	3.1.2.4	MTAQVSSEASHAETLQDEVLAEVRNHIGHLTLNRPAGLNAITLNMVRRLASQLKAWADDPQVYAVVLRGAGEKAFCAGGDIRSLYDSFKNGDTLHQDFFVEEYALDLAIHHYRKPVLALMDGFVLGGGMGLVQGADLRVVTERSRLAMPEVAIGYFPDVGGSYFLPRIPGELGIYLGVTGVQIRAADALYCGLADWYLESSKLADLDNKLDRLQWHDSPLKDLQGVLAKLAVQQLPDAPLAVLRPAIDHFFALPDVPSIVEQLQQVTVADSHEWALTTAHLMQTRSPLAMAVTLEMLRRGRRLPLEQCFALELHLDRQWFERGDLIEGVRALIIDKDKAPRWNPPTLHGLALSHVESFFHNFKKVAN
137	WP_010210413	1.3.8.1	MQDIEYTEEQVMIRDMARDFARGEIAPYAQAWEKAGWIDDALVAKMGELGLLGMVVPEEWGGTYVDYVAYALAVEEISAGDGATGALMSIHNSVGCGPILNYGTESQKQTWLADLASGQAIGCFCLTEPQAGSEAHNLRTRAELRDGHWVITGAKQFVSNGKRAKLAIVFAITDPELGKKGISAFLVPTATPGFVVDRTEHKMGIRASDTCAVTLNQCTVPEANLLGERGKGLAIALSNLEGGRIGIAAQALGIARAAFEAALAYARDRVQFDKAIIEHQSVANLLADMQTQLNAARLLILHAARLRSAGKPCLSEASQAKLFASEMAEKVCSSAMQIHGGYGYLEDYPVERYYRDARITQIYEGTSEIQRMVIARELKHYQL
138	WP_010210411	1.3.8.1	MLPNEEQLQISDAARQFAQERLKPFAAEWDREHRFPKEAIGEMAELGFFGMLVPEQWGGCDTGYLAYAMALEEIAAGDGACSTIMSVHNSVGCVPVLKFGNDQQKEQFLKPLASGAMLGAFALTEPQAGSDASSLKTRARLEGDHYVLNGCKQFITSGQNAGVVIVFAVTDPAAGKRGISAFIVPTDSPGYSVARVEDKLGQHASDTCQILFEDVKVPVANRLGEEGEGYKIALANLEGGRVGIASQAVGMARAAFEAARDYARERESFGKPIIEHQAVAFRLADMATQIAVARQMVHYAAALRDSGKPALVEASMAKLFASEMAEKVCSAALQTLGGYGYLSDFPLERIYRDVRVCQIYEGTSDIQRMVISRNL
139	WP_010209382	1.1.1.203	MTTTPTTPVPFNRLLLTGAAGGLGKVLRERLRPYAQVLRLSDIANMAPAADASEEVQPCDLADKQAVHHLVEGVDAILHFGGVSVERSFEEVLGANISGIFHIYEAARRHGVKRVIFASSNHVIGFYKQGEKLDAHSPRRPDSYYGLSKSYGEDMASFYFDRYGIETVSIRIGSSFPEPQNRRMMHTWLSFDDLTQLLERALYTPNVGHTVVYGMSDNLDTWWDNRYAAHLGFAPKDSSEVFRAQVETQPPVSDNDPAKVYQGGAFCAAGPFGD
140	WP_010209327	3.5.3.6	MQTTNTVLMIRPARFAFNPDTAINNRFQRQPLDPLGAQQKALEEFDGYVDTLRRHGVEVLVVQDTPAPHTPDSIFPNNWWSSHADGSLVLYPMEGQNRRLERNKGVLQVLEQRFAINSTIDLSHLEQQNIFLEGTGSMVLDRQHRISYACHSGRTHQDALRQFAERLDYQLCVFHAVDRHHAPIYHSNVMMSVGRDLSVVCLQALPDASERQGLERSLRDTGKDILALDFDQLEGFAGNMLEIHDRDGQPLLVMSASAWGALQPAQRQHVERHTRPVVVNIDNIERIGGGSARCMLAEVHLPARATVQ
141	WP_010209291	1.1.1.9	MDKHTEMQAVVCHGPKDYRLERIGKPQARANELVIRIAACGICASDCKCHSGAAMFWGGDNPWVKAPVVPGHEFFGYVVEAGEGAEEHFEVAVGDKVIAEQIVPCGKCRFCKSGKYWMCEVHNIFGFQREVAEGGMAQYMRIPKTAIVHKIPESVSLEDSALVEPMACSIHTVNRGDIQLDDVVVIAGAGTLGLCMVQVAALKTPKKLVVIDMVDERLELAKKFGADVVINPSRDNAREIINGLTDNYGCDVYIETTGVPAGVTQGLDLIRKLGRFVEFSVFGAETSVDWSIIGDRKELDVRGAHLGPYCYPIAIDLFERGLVTSKGIVTHDFPLDDWAEAFELANSTKSIKVLLKPVV
142	WP_010208316	2.6.1.81	MSVEQAPVQRADFDQVMVPNYAPAAFIPVRGEGSRVWDQAGRELIDFAGGIAVNVLGHAHPALVGALTEQAHKLWHVSNVFTNEPALRLAHKLIDATFAERVFFCNSGAEANEAAFKLARRVAFDRFGSEKYEIIAALNSFHGRTLFTVNVGGQSKYSDGFGPKITGITHVPYNDLDALKAAVSDKTCAVVLEPIQGEGGVLPAELAYLQGARDLCDANNALLVFDEVQTGMGRSGHLFAYQHYGVTPDILTSAKSLGGGFPIAAMLTTEALAKHLVVGTHGTTYGGNPLACAVAEAVIDVINTPEVLAGVNAKHDLFKARLEQIGKQYGIFTEVRGMGLLLGCVLSDAFKGKAKDVFNAAEKENLMILQAGPDVVRFAPSLVVEDADIKEGLDRFERAVKALTQA
143	WP_038453710	5.3.1.7	MITQPLPASSWLNAPAHYVWLAAEGQRLLAFAKASRLPDGFGNLDDKGQLPADAHAETMNTARMTHSFAMAHALGLPGYAELVAHGVAALSGALRDSEHGGWFAAPHALDGNRGKAAYLHAFVALAASSAVVAGAPGASTLLNDAIHIIDHFFWSEEEGVMLESFAQDWSGVEAYRGANSNMHATEAFLALADVTGDTRWLDRALRIVERVIHTHAAGNQFMVIEHFDTHWHPLLGYNEDNPADGFRPYGITPGHGFEWARLVLHLEAARLQAGLVTPEWLVADAKRLFASACEYAWSVDGAPGIVYTLDWNHRPVVRERLHWTHAEASAAAQALLKRTGELHYETWYRRFWEFCETHFIDRLHGSWHHELSPHNQPSSNIWGGKPDLYHAWQAVLLPALPLAPSMASAIGTGRYVTNW
144	WP_010207013	1.3.8.7	MADYKAPLRDMRFVLNEVFEVATTWAQLPALADTVDAETVEAILEEAGKVTAKSIAPLSRGGDEQGCRWDNTAVFTPDGFPQAYATYAQGGWVGVGGDPIFGGMGMPKAVSAQVEEMINSSSLAFGLYPMLTSGACVSINTHASEALKATYLPKMYSGEWSGSMCLTEAHAGTDLGIIRTKAEPQADGSYKVSGTKIFITGGEHDLTDNIIHLVLAKLPDAPAGPKGISLFLVPKFMVNADGSLGARNTVSCGSIEHKMGIQASATCVMNFDEAVGYLVGEPNRGLAAMFTMMNYERLGVGIQGLASGERSYQNAIEYARDRLQSRAPTGAQAQDKMADPIIVHPDVRRMLLTMKAANEGGRAFSTYVATQLDIAKFSDDAAARERADNLVALLTPVAKAFLSDLGLETTVLGQQVFGGHGYIREWGQEQLVRDVRITQIYEGTNGIQALDLMGRKIVGSGGAFYTLFADEIRGFIASSGTELAEFTKPLSAAVDNLDELTAWVLDRAKTNPNEIGAASVEYLHAFGYMAYAYMWARMAKAALGKESEEDFYASKLGTARFYFARLLPRIHSLSASVKAGSESLFLLDEALF
145	WP_010207016	1.3.8.7	MPDYKAPLRDIRFVRDELLGYEAHYQSLPACQDATPDMVDAILEEGAKFCEQVLAPLNRVGDIEGCTWSESGVKTPTGFKEAYKQFVEGGWPSLAHDVEHGGQGLPESLGLAVSEMVGEANWSWGMYPGLSHGAMNTISEHGTPEQQEAYLTKLVSGEWTGTMCLTEPHCGTDLGMLRTKAEPQADGTYKVSGTKIFISAGEHDMADNIVHIVLARLPDAPAGTKGISLFIVPKFLPNADGSIGARNAVTCGSLEHKMGIHGNATCVMNFDAATGFLIGPANKGLNCMFTFMNTARLGTALQGLAHAEIGFQGGLKYARDRLQMRSLTGPKAPDKAADPIIVHPDVRRMLLTMKAFAEGNRAMVYFTAKQVDIVKYGTDDEAKKQADGLLAFMTPIAKAFMTEVGFESANHGVQIYGGHGFIAEWGMEQNVRDSRISMLYEGTTGIQALDLLGRKVLMTQGEALKGFTKIVHKFCQANEGNEAVKEFVAPLAALNKEWGELTMKVGMAAMKDREEVGAASVDYLMYSGYACLAYFWADMARLAAEKLAAGTTEEAFYTAKLQTARFYFQRILPRTRTHVATMLSGANNLMDMKEEDFGLAY
146	WP_010207340	2.6.1.19	MSSNNPQTREWQALSSDHHLAPFSDFKQLKEKGPRIITKAHGVYLWDSEGNKILDGMAGLWCVAIGYGRDELADAAAKQMKELPYYNLFFQTAHPPVLELAKAISDIAPAGMNHVFFTGSGSEGNDTMLRMVRHYWAIKGQPNKKTIISRKNGYHGSTVAGASLGGMTYMHEQGDLPIPGITHIAQPYWFGEGGDMSPEEFGVWAANQLEEKILELGVDNVGAFIAEPIQGAGGVIVPPATYWPRIKEILAKYDILFIADEVICGFGRTGEWFGSDFYDLKPHMMTIAKGLTSGYIPMGGLIVRDEVVEVLNEGGDFNHGFTYSGHPVAAAVALENIRIMRDEKIVNRVHDETAPYLQKRLRELADHPLVGEVRGVGMLGAIELVQDKATRKRYEGKGVGMICRTFCFENGLIMRAVGDTMIISPPLVISKAEIDELVTKARQCLDLTLAALQG
147	WP_010207341	6.3.1.11	MSVPPRAVQLNEANAFLKDHPEVLYVDLLIADMNGVVRGKRIERTSLHKVYEKGINLPASLFALDINGSTVESTGLGLDIGDADRICYPIPDTLCNEPWQKRPTAQLLMTMHELEGEPFFADPREVLRQVVSKFDDLGLTICAAFELEFYLIDQENVNGRPQPPRSPISGKRPHSTQVYLIDDLDEYVDCLQDILEGAKEQGIPADAIVKESAPAQFEVNLHHVADPIKACDYAVLLKRLIKNIAYDHEMDTTFMAKPYPGQAGNGLHVHISILDKDGKNIFASEDPEQNAALRHAIGGVLETLPAQMAFLCPNVNSYRRFGAQFYVPNSPCWGLDNRTVAIRVPTGSSDAVRIEHRVAGADANPYLLMASVLAGVHHGLTNKIEPNAPVEGNSYEQNEQSLPNNLRDALRELDDSEVMAKYIDPKYIDIFVACKESELEEFEHSISDLEYNWYLHTV
148	WP_010213153	1.2.1.26	MSQAQRFDNYINGQWVAGADYCVNLNPSELSDVIGEYAKADVTQVNAAIDAARAAFPAWSTSGIQARHDALDKVGSEILARREELGTLLAREEGKTLPEAIGEVTRAGNIFKFFAGECLRLSGDYVPSVRPGVNVEVTREALGVVGLITPWNFPIAIPAWKIAPALAYGNCVVIKPAELVPGCAWALAEIISRAGFPAGVFNLVMGSGRVVGDVLVNSPKVDGISFTGSVGVGRQIAVSCVSRQAKVQLEMGGKNPQIILDDADLKQAVELSVQSAFYSTGQRCTASSRLIVTAGIHDQFVAAMAERMKSIKVGHALKSGTDIGPVVSQAQLDQDLKYIDIGQSEGARLVSGGGLVTCDTEGYYLAPTLFADSEAAMRISREEIFGPVANVVRVADYEAALAMANDTEFGLSAGIATTSLKYANHFKRHSQAGMVMVNLPTAGVDYHVPFGGRKGSSYGSREQGRYAQEFYTVVKTSYIGS
